epoch,g_loss,d_loss,e_loss
1,1.3391014285709546,1.6764161172120466,0.012120778024520563
2,1.3901849829632302,1.6671358709749968,0.010679091407876947
3,1.407964887826339,1.6575940380925718,0.008913288743275663
4,1.3733407621798308,1.6828010704206384,0.0071616282524622
5,1.3666840117910635,1.6879574889722078,0.00539557081039833
6,1.3818500197452048,1.6546804386636484,0.004398399326221451
7,1.870975110841834,1.6711914176526277,0.005475854480882053
8,1.4766774073891018,1.7378161212672358,0.007576852793926778
9,1.3401964540066926,1.7237277186435203,0.006068252654665191
10,1.3599826304808906,1.6815047471419624,0.004445478482090909
11,1.3746436471524446,1.6757168614346047,0.006365165438341058
12,1.3741358829581218,1.6749162259309187,0.003983215904673157
13,1.386645125306171,1.6607235410939092,0.003356010653078556
14,1.4050404766331548,1.6464862823486328,0.003492991419752007
15,1.4151795584222544,1.6449924292771712,0.004646643196516063
16,1.432502902072409,1.6486412131268045,0.008277857939348272
17,1.4651789820712546,1.6509104656136555,0.010126409930703432
18,1.6593113774838655,1.6099103741023852,0.007583706902906946
19,1.6003243456716123,1.6465329761090486,0.007587769919115564
20,1.3612513904986174,1.701310017834539,0.011954515119609625
21,1.3745378981465879,1.6819432870201443,0.005800721357050149
22,1.378280748491702,1.6788460845532625,0.004320042916452107
23,1.3813713840816333,1.6749332832253498,0.004056740450956251
24,1.3813348334768545,1.6752534534620203,0.004136201459914446
25,1.376170795896779,1.670948230701944,0.004667876996909795
26,1.3920167788215305,1.6599853349768596,0.0038065902848282585
27,1.585119112678196,1.6209548089815222,0.004269999198858504
28,1.5877495589463606,1.661877196768056,0.006676142832831196
29,1.3792513712592747,1.6947753429412842,0.007703286737365567
30,1.3838554413422295,1.6773796237033347,0.006661674878357545
31,1.5710375568141108,1.6536819261053335,0.007089634385445844
32,1.372681990913723,1.682736241299173,0.00577734038233757
33,1.3764588936515476,1.6712628292000813,0.007849947448171999
34,1.383116390394128,1.6825103241464365,0.007699560090575529
35,1.3874280193577642,1.6761229297389155,0.005282550220094297
36,1.3900304255278215,1.6681052342705105,0.005851883623425079
37,1.391712364943131,1.6654596587885981,0.0060452873332668905
38,1.4039599739986917,1.6625407156736955,0.00533360886670973
39,1.47589605787526,1.642915761989096,0.007332143758464119
40,1.7047879540401956,1.6005295048589292,0.008908796893513721
41,1.4997890928517217,1.6655979985776155,0.009781421081203482
42,1.5902238617772642,1.6228545748669168,0.010363935290471367
43,1.4144196095673933,1.7604689442593118,0.021988372035000637
44,1.451095524041549,1.6046490410099858,0.009572207198842712
45,1.4060309296068938,1.7012904053149016,0.014461517010046087
46,1.3526210318440977,1.7097774070242178,0.011347780348328144
47,1.3585981078769849,1.6392306400382,0.00630926713347435
48,1.4143537904905237,1.628226487532906,0.007602907231320505
49,1.410759298697762,1.6619679565015046,0.008822185999673346
50,1.3803038700767185,1.6744178896364958,0.008168841975376658
51,1.4220220887142678,1.6519131349480671,0.005256090657380612
52,1.4494581015213677,1.6282117574111274,0.004790115372642227
53,1.4976749782976897,1.6285009746966155,0.0050559192490966425
54,1.6318189734997957,1.597011545430059,0.005675159293510344
55,1.8130075776058694,1.545866593070652,0.016192985779565315
56,1.5714353063832158,1.6594850706017537,0.01085064829448643
57,1.3665556337522424,1.6750548663346663,0.0064004232256632786
58,1.3900680801142817,1.6584564913874087,0.005440365563592185
59,1.8179681871248328,1.5714255260384602,0.00557458931175263
60,1.7953561077947202,1.5846607996069866,0.006397598261094611
61,1.3609153550604116,1.6839272820431253,0.0064531761505033656
62,1.4694133789642998,1.6778904303260471,0.006593102872695612
63,1.5209418379742166,1.6785231103067813,0.007091621706343215
64,1.536054025525632,1.6835054988446443,0.006822257606393617
65,1.6439682504405146,1.6341647946316262,0.007028534461784622
66,1.362060723097428,1.6757167474083279,0.010408637194853762
67,1.5940130378889001,1.608951827754145,0.0066879870086584406
68,1.771054153857024,1.5544887055521426,0.006120045790853707
69,1.8112326238466345,1.5712774266367373,0.005293508870122226
70,1.3487383852834287,1.6986178367034248,0.006009423558640739
71,1.3747634887695312,1.6769060673921004,0.0049428160545294695
72,1.3812433584876682,1.6801176174827244,0.00678597834042233
73,1.4909881871679556,1.6605317903601604,0.005737529075502053
74,1.7323509351066921,1.5847567216209744,0.004909262850718654
75,1.6614852936371514,1.6074478989062102,0.005651919981059821
76,1.3798613807429438,1.687467678733494,0.006099598036836023
77,1.393256804217463,1.6682248685670935,0.005276066838237254
78,1.6929758217023767,1.6044740625049756,0.00551602325361708
79,1.7080297781073528,1.594246771024621,0.008400151688281609
80,1.3732084191363791,1.6856054845063582,0.009370323068097881
81,1.388871685318325,1.6842386100603186,0.008757756537069445
82,1.3864505653795989,1.669437631316807,0.007188741482146408
83,1.3931669826092927,1.6549012194509092,0.007641892596755339
84,1.4149641316869985,1.6558819179949553,0.007035807139523651
85,1.583146763884503,1.664856210998867,0.007047847561214281
86,1.5921022321866907,1.69545388740042,0.005439137230100839
87,1.3849128070084944,1.6811913562857586,0.004575378524706415
88,1.893031788908917,1.570222512535427,0.0044979066183061705
89,1.5065283982650093,1.8400350860927417,0.0047193665320620585
90,1.3628179716027302,1.669512795365375,0.007296240341890118
91,1.3483221790064936,1.6835955381393433,0.00724645153335903
92,1.3702471878217615,1.6777999556582908,0.0066318148747086525
93,1.3878056899360989,1.657357096672058,0.0059486591945523805
94,1.4062226803406426,1.6500746581865393,0.0076073326332413635
95,1.3971386111300925,1.6726824926293415,0.00865616033906522
96,1.3701453934545103,1.675894047902978,0.007252160216803136
97,1.4192287818245266,1.6691255465797756,0.005846631510750107
98,1.3656617040219514,1.6989788905433987,0.006860308389624824
99,1.3814992697342583,1.6822034638860952,0.005177488550543785
100,1.3948509537655374,1.6674030604569807,0.006600007576786954
101,1.3915707132090693,1.6747408794320149,0.006114374603266301
102,1.3979588643364285,1.6684901817985203,0.004796331242212783
103,1.4290997360063635,1.641240612320278,0.005071347052960292
104,1.8854713180790776,1.5316831650941267,0.010508824706725452
105,2.2348238903543223,1.4843831943429036,0.006312897550347058
106,2.312916823055433,1.4752197628435881,0.004434413823258617
107,2.249599005865014,1.6174168897711712,0.004370776713704286
108,2.174899204917576,1.730654654295548,0.005220901099560054
109,1.9401277614676433,1.6287469034609587,0.004825687096656665
110,1.395822929299396,1.6627913765285327,0.00548509563035939
111,1.4270053739133088,1.6486955725628396,0.0045951052528360615
112,1.5197500249613887,1.5758137858432273,0.005222820757847765
113,1.5320252594740495,1.5828513580819834,0.006394395159314508
114,1.8824673009955364,1.5177604322848113,0.00506390651445026
115,2.453746899314549,1.439960505651391,0.004031720419373849
116,2.6047301292419434,1.4286298648170803,0.003734209190082291
117,2.3434881645700205,1.3067953534748242,0.0048589767361788645
118,2.086942973344222,1.4835134951964668,0.0051152570497082625
119,1.5323647623476775,1.6554896054060564,0.00533993048188479
120,1.801627806995226,1.4071442407110464,0.005561708877591983
121,2.0225254089935967,1.649045882017716,0.005902185064295064
122,1.7187800303749416,1.4371926369874373,0.005186367435785739
123,2.338036360947982,1.6710500276607017,0.005809453801940317
124,2.350146905235622,1.4870185981626096,0.003708274852808403
125,2.1580118614694346,1.3661787147107332,0.003402267916775916
126,2.092710510544155,1.381662316944288,0.0033415766007712355
127,1.9406387391297713,1.57905041653177,0.0028889971562539754
128,2.10753173413484,1.5838706311972246,0.0027216826464332962
129,2.192558148632879,1.3716646018235579,0.0027316669103406048
130,2.188608008882274,1.3755994387294934,0.0025968347453390775
131,2.6152378009713213,1.2864913655363994,0.002577613826598162
132,2.717310423436372,1.2124430537223816,0.002673104931802853
133,2.7452255020970884,1.5789681284323982,0.0026408872344409642
134,2.824647545814514,1.2764183127361795,0.002689607188348537
135,3.3367344814798106,1.9871538203695547,0.00282080703333992
136,2.8363511147706406,1.7201200697733008,0.003020156640559435
137,3.059237117352693,1.3629459298175315,0.00520327031288458
138,3.1528175654618638,2.2734849660292915,0.004022637523872697
139,2.9658834364103233,1.520706189715344,0.003209964868248157
140,2.96892163546189,1.8717471698056096,0.003828452748205999
141,3.3481404885001806,0.9161536563997683,0.004981250046630917
142,3.03275247760441,2.156916258127793,0.005381315480917692
143,3.1091023113416587,1.5087527684543445,0.004603497886463352
144,3.0491244481957476,1.7442152577897776,0.004628356778994203
145,2.983619731405507,1.5832387079363284,0.0034949580085990224
146,3.2025399363559224,1.37718361356984,0.003201150851648139
147,3.184538457704627,1.8211822457935498,0.003270331152674297
148,3.2323069261467974,1.205180199249931,0.0030220848427194615
149,3.0569597430851148,1.9142492102540059,0.002908191026147941
150,3.1581981285758642,1.4946900269259578,0.0027689221011393743
151,2.881733749223792,4.226681750753651,0.0031183022378093524
152,2.9608428478240967,2.8506705864616064,0.002946714678293337
153,2.810921067776887,1.7673445343971252,0.002930464982257589
154,3.113093842630801,1.9462026098500127,0.003451406783626779
155,3.0959581240363745,1.406314932781717,0.0033052490983644257
156,2.6349580858064736,1.9580191270164822,0.003434257348999381
157,1.774214065593222,1.6751796732778135,0.003307353016798911
158,1.7116485730461453,1.6833341691804968,0.003911522470171685
159,1.8594593949939893,1.5092408812564353,0.0033079792603688397
160,1.7755849050438923,1.6129995169846907,0.0034974139568436403
161,1.5729332229365474,1.5593187601669976,0.004131205784885779
162,1.8533153430275295,1.3675287858299587,0.003988162128497725
163,2.025844288908917,1.6234411726827207,0.00465394892608342
164,1.6020256177238796,1.6887803285018257,0.004669829615918191
165,1.487944473390994,1.6258104106654292,0.004853771918493769
166,1.4401497840881348,1.6317249899325164,0.007421950424980858
167,1.4338931156241375,1.6360825455707053,0.004556341866112273
168,1.3961971946384595,1.6866343591524207,0.004058987054083011
169,1.3919461550919905,1.6836342034132585,0.003882013544764208
170,1.388469416162242,1.6714809511018835,0.0033051463593121457
171,1.3929839600687441,1.669779642768528,0.0033182125619572143
172,1.392433384190435,1.6688854849856833,0.0035627011472926192
173,1.3822953701019287,1.6703485924264658,0.003578890438960946
174,1.3949465647987698,1.6625948729722395,0.003206667591534231
175,1.4104886469633684,1.6547641961470894,0.003398707693280733
176,1.3950334113577139,1.6773708851441094,0.003387108283198398
177,1.3826597929000854,1.6754228654115095,0.003542774599855361
178,1.3832934472871863,1.666920060696809,0.003588369662832955
179,1.3603385479553887,1.7001051799110745,0.0035247270260816035
180,1.4076460548069165,1.6667760973391326,0.0034862163618368945
181,1.3900985510452935,1.6968477497930112,0.0038839899833597565
182,1.3805878628855166,1.6794420688048652,0.0034092208471797085
183,1.3758511646934177,1.6800069290658701,0.004111047783542586
184,1.4139711286710657,1.647302798602892,0.02299614590795144
185,1.4133860080138496,1.6725234363390051,0.007348845490132985
186,1.4672131901201995,1.6249047206795735,0.005719054044912691
187,1.460535598837811,1.6272880927376125,0.004959920603458
188,1.4117462116739024,1.6535528587258381,0.004391926047189728
189,1.3966607788334722,1.6684114414712656,0.004274694147803213
190,1.5681578076404075,1.5729949629825095,0.004660902868794358
191,2.0034877010013745,1.6090380730836287,0.0038454959614445334
192,1.4231564946796582,1.6851032454034556,0.0038677142710303483
193,1.4249445407286934,1.6523653372474338,0.003925029724917334
194,1.436578392982483,1.655119916667109,0.0038651963999575896
195,1.4052242662595666,1.6751551524452541,0.0038140243749417687
196,1.395033572031104,1.6872645201890364,0.0038266799149467893
197,1.3954756208088086,1.6841750559599504,0.003490962574015493
198,1.3991404668144558,1.6675883116929426,0.003508350265252849
199,1.383147939391758,1.6737403506818025,0.003523819431986498
200,1.3797497490177983,1.6718257717464282,0.0033671336612947607
201,1.3843932721925818,1.671695061351942,0.003223812976933044
202,1.40222444223321,1.6636358395866726,0.0030462980452601028
203,1.4013809380323992,1.6608736359554788,0.0032582990926406956
204,1.4285222499266914,1.6270320052685945,0.003131264284172136
205,1.5567151411719944,1.5453726156898167,0.003336526008079881
206,1.8284410652907,1.6407287742780603,0.01097048051736277
207,2.2114801821501358,1.4150086900462275,0.006720388834567174
208,2.2062947957412056,1.4649570195571235,0.004658933789671763
209,2.599001537198606,1.97477446431699,0.00397766613320488
210,1.7147519795790962,1.90945129290871,0.0036548719255496626
211,1.6774916182393613,1.8960172197093135,0.003619513757850813
212,1.704173865525619,1.81463725152223,0.0032934093260732684
213,1.5813668603482454,1.5512849869935408,0.0032743718778795524
214,1.9665874761083852,1.7212846901105798,0.003395567121713058
215,1.6781619968621626,2.2260610227999478,0.0039384621296725845
216,1.8889704476232114,1.2447471877802974,0.003784383454805483
217,2.3487014355866807,1.4193771092788032,0.003427014331859739
218,1.7762678187826406,4.240250748136769,0.0035558282397687435
219,1.9260552499605261,1.527821851813275,0.0035891002246543117
220,1.7687998802765557,2.575290374133898,0.0034308763342383113
221,1.5163650512695312,1.989958229272262,0.003446660986494111
222,1.4098559099694956,1.857721489408742,0.0030388562616122804
223,1.3745322668034097,1.7780651268751726,0.002796919702592751
224,1.3602741762347843,4.67009200738824,0.002714860576974309
225,1.5750176362369372,1.7592858801717344,0.0028253444976618757
226,1.438951849937439,2.0803025131640225,0.002736674388870597
227,1.8355555845343547,2.350695128026216,0.0034321821092263513
228,1.752171303914941,1.7437559055245442,0.0029768784044553404
229,1.603117559267127,4.5368424032045445,0.0031297782172813363
230,1.4350117393161939,1.6478991042012754,0.002865625484644071
231,1.5185052467429119,1.5911738717037698,0.0027895771452914114
232,1.5473483749057935,1.5510708145473315,0.0029918757955665174
233,2.1450190906939297,2.107874149861543,0.003355384379139413
234,1.9789192365563435,2.3036047945851865,0.003059198583840676
235,1.9680753453918125,1.544134857861892,0.0026862874384159627
236,2.6380794048309326,1.370874726254007,0.0027961438400265965
237,2.785102745761042,1.119804428971332,0.002601438647379046
238,2.3901853613231494,2.2792673655178235,0.0029450351797530184
239,2.310016103412794,1.064140234304511,0.0025470388405348945
240,2.4485675822133603,1.212348847285561,0.002466058561011501
241,2.680222811906234,1.366348525752192,0.002936490112915635
242,3.1784843258235767,1.1118072789648306,0.002657865568914491
243,3.3045366069544917,1.6967517992724543,0.002759522960885711
244,3.437571779541347,0.8420356667560079,0.00267403162813381
245,3.2120965149091636,0.9082333782444829,0.0026803155854830275
246,2.6385026807370395,1.2500198690787605,0.0029020033594544816
247,2.0540319318356723,7.703641316165095,0.0027300260616871324
248,1.5645595166994177,1.6510655620823735,0.002795003273564836
249,1.4811191869818645,1.6427862022234045,0.0026547400604771533
250,1.6110039016474849,1.5303236142448757,0.00263766690319323
251,1.7077090481053228,1.4000069887741753,0.002610479248687625
252,1.8485356880270916,1.4360899925231934,0.0027346760641945443
253,1.5568487074064172,194.97822325644285,0.0027758144652066026
254,1.3793151637782222,1.6731352443280427,0.003070420545080434
255,1.605120907659116,1.6535739950511767,0.002878131355037508
256,1.4101216637569924,1.7885534763336182,0.002565663429382055
257,1.3688983917236328,1.7010402627613233,0.002575366848917759
258,1.5241543832032576,4.112073390380196,0.0025200338568538427
259,1.6169202379558398,1.6997046885283098,0.002383292308482139
260,1.3579013969587244,1.6972308832666148,0.0026216591181962385
261,1.3888961024906323,1.6814870938010837,0.0023445532070067916
262,1.6683640739192134,1.5326611270075259,0.002263886023960684
263,1.4311632021613743,1.6820796209832896,0.0023239285320691442
264,1.3915051947469297,1.6642360635425733,0.0022415375924142804
265,1.5178037881851196,1.522510051727295,0.0022341831607501144
266,1.5997494977453481,1.6382627124371736,0.002313179682697291
267,1.679696191912112,1.6407035019086755,0.0021942329248818364
268,1.3780062198638916,1.6643265071122542,0.0023274050175171833
269,1.557114248690398,1.5399950068929922,0.0030904650465463815
270,1.472574586453645,1.7041560048642366,0.006753644055646399
271,1.3846869572349216,1.695867279301519,0.004398667111830867
272,1.380814210228298,1.6889753859976064,0.0033598844083430972
273,1.3619217043337615,1.690012646758038,0.00283097291527235
274,1.3705807302309119,1.6867537705794624,0.002514476067912967
275,1.3793987243071846,1.6862455865611201,0.002314528632585121
276,1.3819241679233054,1.6837228536605835,0.002284358680734168
277,1.3792309398236482,1.6820944599483325,0.0021957872516435127
278,1.3756216142488562,1.679376773212267,0.0022864704344259658
279,1.3952711509621663,1.638527792433034,0.0022197115113553796
280,1.4250271890474402,1.7344469142996746,0.0022317075737468576
281,1.3775280558544656,1.6699955929880557,0.0021247682060398483
282,1.3766520127006199,1.6927812462267668,0.0021818595047554245
283,1.4041014857914136,1.6723905024321184,0.0025484622456133366
284,1.3786668673805569,1.677611890046493,0.003558882137598551
285,1.3627038312994915,1.6799418667088384,0.0028465248482382817
286,1.4066136349802432,1.6407607534657354,0.0027444772017390833
287,1.392673487248628,1.644860874051633,0.0028654380762220726
288,1.7442818983741428,13.235332271327144,0.002679934836519153
289,1.656179464381674,1.6636585100837376,0.0028043859840735145
290,1.38485266333041,1.6725664553434954,0.002434132732046039
291,1.3974928648575493,1.6750770081644473,0.0024974766774507966
292,1.363082388172979,1.6784562546273936,0.003273080538391419
293,1.386813910111137,1.6646850627401601,0.0025509542623615785
294,1.4935667981272158,1.5778756659963857,0.0023011175267722297
295,1.4318617478660915,1.6782587300176206,0.0027273058405388956
296,1.392967094545779,1.6707460413808408,0.002441203808816879
297,1.4983990969865217,1.5627778198408044,0.0024050582584965487
298,1.4802760144938594,1.648395590160204,0.002214843761580794
299,1.439886880957562,1.6551840979120005,0.002116195442478942
300,1.508920052777166,1.5587432747301848,0.002242566946812946
301,1.465613023094509,1.6779398399850596,0.0023950911531953707
302,1.3980413416157598,1.68336370198623,0.0027062172049899464
303,1.3806871953217879,1.6795229445333066,0.002641317475101222
304,1.370365816613902,1.6740106862524282,0.0034815165335717406
305,1.381962387458138,1.668623405954112,0.004074889174460069
306,1.334160232025644,1.6757590718891309,0.004273385801555022
307,1.4377080927724424,1.6249569654464722,0.0035718270658474903
308,1.5120000320932139,1.585726411446281,0.004650797026798777
309,1.7723099356112273,1.2213476300239563,0.004931101595739956
310,2.5328508615493774,2.2437986524208733,0.005396181089884561
311,3.6743575386379077,17.42191014730412,0.005001140211749336
312,3.627395018287327,0.8600604469361512,0.004481071869478277
313,3.5634085717408555,104.0774879248246,0.006364670865561651
314,3.2031381130218506,1.3247434004493381,0.004361670848953983
315,2.119785866011744,1.996928614118825,0.003341841288720784
316,1.8241154577421106,3.1338477808496226,0.003121567697709669
317,1.6473115630771802,1.6621792057286138,0.0033857946223376885
318,1.5851497183675352,1.6086170880690864,0.0029940059833714495
319,1.4364163201788198,2.034668030946151,0.00312956342595103
320,1.546141935431439,1.9199452452037646,0.0027244505573711967
321,1.5255848480307537,1.7038150403810584,0.0025363161593027735
322,1.3587710546410603,1.9014769999877266,0.0024806349841958804
323,1.5041552211927331,1.7541482552238132,0.0024198134045076113
324,1.6093933012174524,1.605772096177806,0.00244243487553752
325,1.6822917202244634,1.785785006440204,0.0024929295354725227
326,1.980343678723211,1.2520753741264343,0.0023859619041499886
327,2.1695603857869687,73.25533464680548,0.0025388416024329868
328,1.784269903017127,1.6471888889437136,0.002656060108995956
329,1.8138850771862527,2.0692798521207725,0.002589479898628981
330,1.5504792462224546,1.8639910065609475,0.002612956495874602
331,1.5257324083991672,1.5911321432694145,0.003420401020380466
332,1.5576680587685627,10.795394778251648,0.005742873085419769
333,1.5583134682282158,1.8324819025786028,0.003938071439852533
334,2.0041203136029453,1.2051078754922617,0.00338234588422853
335,2.495725092680558,64.33641298698342,0.0034354202975721464
336,2.57897396709608,2.7210045897442363,0.003206003507923173
337,2.855228843896285,1.2526137751081716,0.0030407054228303227
338,2.6296158562535825,1.3599967282751333,0.0030904955169914856
339,2.7289328575134277,7.379278348839802,0.003195478712492015
340,2.6317646918089492,1.4930730824885161,0.003285012865924965
341,2.0199485187945156,2.155563421871351,0.0031084937205457168
342,2.182404129401497,1.2406033199766409,0.0029860322323182354
343,2.426009421763213,2.3146723301514336,0.0028839808504056673
344,2.015379812406457,3.239824549011562,0.002657143409242449
345,1.6421474684839663,1.659459544264752,0.0027251202795330596
346,1.5345349674639495,2.34956723710765,0.0025456955291978693
347,1.6138612757558408,1.9866061677103457,0.002366467044972207
348,1.6130112461421802,2.132595342138539,0.002354668321735833
349,1.5723267171693884,1.6990984678268433,0.002376230423460188
350,1.4390179126159004,7.333735574846682,0.0024008474859368543
351,1.4473604637643565,1.7354710672212683,0.0024874489855669117
352,1.4199187807414844,1.88187096948209,0.002315553775786058
353,1.4125918201778247,1.682649472485418,0.0022211914132956576
354,1.4580120055571846,49.94079193343287,0.002242785949340981
355,1.4329315786776335,1.9482844808827275,0.00228201315495307
356,1.3916907621466594,1.6876753672309543,0.0023324957178176746
357,1.5719977565433667,2.3460969458455625,0.0022518153646555934
358,1.3923541618430095,1.6860883857892908,0.00256687190140719
359,1.4482812570488972,1.665741573209348,0.0029635314687924542
360,1.4565669401832249,1.7410902821499368,0.0023506963018165984
361,1.433854139369467,1.7042025068531865,0.0021580339044980383
362,1.528072274249533,1.6097442689149275,0.002104468117265598
363,1.5252901937650598,1.6278684605722842,0.0020695323347235503
364,1.5282806002575418,1.562765992206076,0.0036503179707442937
365,1.6734242594760398,1.4302458814952685,0.003391414546691205
366,2.1249383169671763,1.2863929168037747,0.002902206043591318
367,2.214485230653182,4.0932313722112905,0.0022552816662937403
368,1.6057269106740537,1.6719706732293833,0.002064921872933274
369,1.398509611254153,1.6841178614160288,0.0020578026812037697
370,1.3664550055628237,1.6964233491731726,0.0019768277365390372
371,1.3369912790215535,1.6361112542774365,0.002238474776158514
372,1.6274730122607688,1.6106505756792815,0.0023930715903153887
373,1.4447937426359758,1.6693694125051084,0.002201349869289476
374,1.415183803309565,1.6681859959726748,0.0019178399360617218
375,1.4012804601503455,1.6744685950486555,0.0019818134757730622
376,1.5217450753502224,1.6649204959040103,0.0019132275002725098
377,1.4137399818586267,1.6679646191389665,0.0017971244650771437
378,1.4164230253385461,51.11821218158888,0.0019341166860059552
379,1.6198430320490962,1.6868504544963008,0.0019136665378818693
380,1.439254175061765,1.6568966741147249,0.0018072794191539288
381,1.4105229947877966,1.6743174946826438,0.0017491481013839011
382,1.3686647777972014,1.6807757927023845,0.0018969228359587166
383,1.7172759978667549,1.4571527605471404,0.0017754688666647544
384,1.5102622975473818,1.6884727374367092,0.0017523702750306415
385,1.4356867748758066,1.6642212660416313,0.0018426444148644805
386,1.4294245294902637,1.6537825853928276,0.0018490713251673658
387,1.3966726064682007,1.6822021059367969,0.0017829978909424465
388,1.3895516965700232,1.6735799675402434,0.0019501473339598465
389,1.3991030610125998,1.6526701294857522,0.001817472106979593
390,1.3981197865112969,1.6656177510385928,0.0018358377375356529
391,1.4212318866149238,1.6615080004153044,0.0018363372908662195
392,1.439676098201586,1.6430110568585603,0.001745175580372629
393,1.412769924039426,1.6684889015944109,0.0017872611718738208
394,1.4115037451619687,1.6413759304129558,0.002220840092100527
395,1.5056753780530847,1.6541179314903591,0.0020307611026193786
396,1.4563784236493318,1.6662348664325217,0.0019291460402714818
397,1.4503173154333364,1.6408769669740095,0.0019863679924088974
398,1.4332843345144521,1.6598383499228435,0.0020850699840356474
399,1.4391680230265078,1.6470822666002356,0.002160623963193401
400,1.4470036133475925,1.624167369759601,0.0021320749175451374
401,1.4599338407101838,1.642276820929154,0.002129063536615475
402,1.520898549453072,1.6018600463867188,0.0021279493913702345
403,1.4926716763040293,1.6231902319452036,0.0021570040135765853
404,1.5355758304181306,1.562655526658763,0.002243033600161257
405,1.659200652785923,1.612144744914511,0.002183394729281249
406,1.7785314425178196,1.5071054800696995,0.002153251330246744
407,2.000849620155666,1.441279587538346,0.002251932043177278
408,1.9781648594400156,1.3728473963944807,0.002463108617002549
409,2.2836873635001806,1.2489426187846973,0.0022755653050768633
410,2.3533222830813862,1.3835704274799512,0.002575315211130225
411,2.024583049442457,1.4534535822661028,0.002718402335987143
412,2.1621953819109048,1.2710983908694724,0.0025482317230299764
413,2.694113762482353,1.029817000679348,0.0025639372938515053
414,2.654831129571666,1.4593372422715891,0.0025599824122922578
415,2.422555949376977,1.8052944100421409,0.004407071336374983
416,2.2344584465026855,1.7935070991516113,0.0035960437608477864
417,2.3353900805763574,1.3043650492377903,0.002687724590625452
418,2.3412400173104326,2.026054542997609,0.0025817681427883067
419,2.2180897982224175,1.9810007862422778,0.002776657787920988
420,1.9320108268571936,1.403401343718819,0.002603657341197781
421,1.9973912031754204,1.4468677665876306,0.0026321406577430343
422,1.8999044117720232,1.4397414819053982,0.004889269531502024
423,1.7497226414473162,1.5110938289891118,0.004038031678646803
424,1.9654805401097173,1.5863810414853303,0.0026389202001788044
425,1.9839802047480708,1.3418337314025215,0.0022559859486215787
426,1.9822073656579722,1.8114366479541943,0.002261165944535447
427,1.8509561808212944,1.4545862260072127,0.0022456132422160845
428,1.8895733771116838,1.785475694614908,0.0022957447673315587
429,1.8451728509820027,1.5269200283548106,0.0022496545444364133
430,1.7881038966386213,3.6908192323601763,0.0022490384644302335
431,1.7613218504449595,1.9739655204441235,0.0022652068418329177
432,1.7340593234352444,3.5067819875219595,0.0021739521104356518
433,1.7607200301211814,1.4602109867593516,0.00218749422903942
434,1.9129926277243572,1.3918705193892769,0.002150391461327672
435,1.9449622631072998,1.5294562785521797,0.0023106367873918753
436,1.9294694040132605,2.789808268132417,0.0030180721381760163
437,1.8874717691670293,1.5841130692025889,0.0030525332498971534
438,1.863040794496951,1.5430118519326914,0.003049755762533649
439,1.867154007372649,1.5048243792160698,0.002559448288672644
440,1.9758169651031494,2.0976248098456343,0.004160988944299195
441,2.0758503312649936,1.3134375085001406,0.003264957725110909
442,1.9237585948861164,3.005688864251842,0.00324714003616701
443,1.978708002878272,1.3474091809728872,0.002772677983359798
444,2.020163945529772,1.4869279809620068,0.0025957974139600992
445,1.8981662781342217,1.443935497947361,0.0025203522274513607
446,1.9179689987846043,2.0349557140599126,0.0023891273987196064
447,1.8682874752127605,1.6845636937929236,0.00233466370517145
448,1.78565121733624,2.135720890501271,0.002257890604517382
449,1.7708551831867383,1.5126436845115994,0.0022451078073809977
450,1.7145148412041042,1.5190590205399885,0.0021991956088206043
451,1.7172219856925632,1.5883006583089414,0.002191555635679675
452,1.6483755163524463,2.961556377618209,0.0022215725064439616
453,1.6092547644739565,2.0226464116055034,0.0021726483296926904
454,1.5280998997066333,1.5913474611614062,0.0020555329569817886
455,1.4763982710630998,1.7697321228359058,0.002036643543523615
456,1.4298210714174353,1.684391534846762,0.0019782656429173508
457,1.4306124345115994,1.6670924995256506,0.001967045746784171
458,1.478834919307543,84.65280671741651,0.0020048373895089912
459,1.5642428812773332,1.5951163561447808,0.0019320359139743707
460,1.5695095010425733,1.5604215704876443,0.0020720680021559415
461,1.5965200196141782,1.5077456961507383,0.0020888974869866734
462,1.642873561900595,1.637776773908864,0.0019667933077510934
463,1.6597364674443784,1.4781953200050022,0.0019745507439517455
464,1.705188362494759,1.4712276355079983,0.002250613057580979
465,1.7510977931644605,1.4154489506845889,0.0023072141161917343
466,1.7343864440917969,8.745699447134268,0.0021389646799829993
467,1.696086665858393,2.322968337846839,0.002067960717755815
468,1.6593462436095527,1.4718869458074155,0.0020863293548641
469,1.672461799953295,1.6485421242921248,0.002042672708225639
470,1.669668197631836,1.8567086976507436,0.0019991223588990774
471,1.6603773210359656,1.730580272881881,0.002141297698709304
472,1.679404336473216,1.9798974835354348,0.0020868296724865618
473,1.6615939606790957,1.4440104183943376,0.0019752497724054947
474,1.6607329586277837,1.501186904699906,0.0024646969066689844
475,1.683241885641347,1.4204774680344954,0.0019935213393815184
476,1.7463443590247112,1.4378165524938833,0.001891222180110281
477,1.8225831415342248,1.3254031824029011,0.0019558921668921475
478,1.9069368631943413,9.753675891005475,0.0020392726620902185
479,1.8157838893973308,1.3769841453303462,0.0018898757255595663
480,1.8117601353189219,1.5036720918572468,0.0021806705196428557
481,1.766858924990115,1.4055182622826619,0.0020672304191343164
482,1.8135165442591128,1.3624628315801206,0.0019060917573211634
483,1.785091177276943,1.4997856927954631,0.001953314675990006
484,1.65904846917028,1.5163236908290698,0.0018714373708581147
485,1.651522776354914,1.8763625777286033,0.0018619761559302392
486,1.6834809106329214,1.505950259125751,0.002738578295659112
487,1.614232545313628,1.915501242098601,0.004077743516182122
488,1.5383954048156738,1.5506128383719402,0.00298344388442195
489,1.5949904815010403,1.5315525428108547,0.002142712443500109
490,1.5877851092297097,1.7538730113402656,0.0019648048328235745
491,1.5401024144628774,1.5834487987601238,0.0019291302381569276
492,1.5391042647154436,1.5991286557653677,0.001991755966825978
493,1.559570742690045,3.40170609432718,0.001967697470124973
494,1.5501223543415898,2.240434149037237,0.001903434835738786
495,1.5581168091815452,1.5575931331385737,0.001983591507229468
496,1.5698557107344917,1.6974362342253975,0.0018187461208309169
497,1.6248780488967896,1.7675409161526223,0.002042631917309178
498,1.6112951092098071,108.8422049128491,0.0021855442116603904
499,1.6465173389600671,2.707645939744037,0.00267152433567073
500,1.5929494474245154,1.6697852041410364,0.0022327729662799316
501,1.65065902730693,3.611142091129137,0.0028129881247878075
502,1.7504374618115632,1.3472515448280002,0.0028292793254165545
503,1.84663666849551,1.7953360443529875,0.002422609356353464
504,1.933091640472412,1.276052044785541,0.0022542804135414567
505,2.0435845851898193,1.1471125483512878,0.0022876897583837094
506,2.245617317116779,1.0648871919383174,0.002150551648810506
507,2.3870165451713232,0.9432694004929584,0.0022075135038112817
508,2.5441369388414468,0.8856718229210895,0.002825658687430879
509,2.6767056610273277,0.8001990033232648,0.0023586256935706606
510,2.8743091769840405,1.7686701391054236,0.0019200535784677966
511,2.925538954527482,0.7354813503182452,0.0018919148613982227
512,3.0803742823393447,1.2031416037808293,0.0017733281862962506
513,3.171633108802464,0.8654312724652498,0.0020045161237130346
514,3.252258197120998,1.0389805773030156,0.0017147551128721755
515,3.334461087765901,13.235776797584865,0.0016816179622369616
516,3.2950189217277197,1.2033617781556172,0.001668457918719429
517,3.4089571911355723,0.7436604266581328,0.0016462653774120238
518,3.478107048117596,0.7361363898152891,0.0015617759655351224
519,3.4370176584824272,0.905184048673381,0.0016851455438882113
520,3.35665748430335,0.832807807818703,0.0017811049474403262
521,3.352579697318699,0.9134202210799508,0.00167959650128108
522,3.2378954887390137,1.0028703808784485,0.0015480793081223965
523,3.276134833045628,0.9652666345886562,0.0015717746953115516
524,3.229838464571082,12.325294867805813,0.0015498643295596476
525,3.2789446063663648,1.0011616426965464,0.0015512678478642003
526,3.135513699573019,75.32387133525765,0.001500823965255657
527,3.235181538955025,5.207634207995041,0.0016399845075996025
528,3.226577717324962,1.6128589718238167,0.0014644574434698923
529,3.189609009286632,0.9123740222143091,0.0016054976326615913
530,3.2271421266638716,0.8595623088919598,0.0014708699283959425
531,3.1888654543005903,1.0760593362476514,0.0015724686014911404
532,3.2166524659032407,3.238352736701136,0.0014926969002851326
533,3.216711966887764,9.027083694934845,0.0015267257973470766
534,3.206840110861737,0.8523738202841386,0.0014569884388829055
535,3.2234856253084927,0.960308956063312,0.0014216726615458078
536,3.1653243355129077,0.8999951144923335,0.0014559649406810818
537,3.2238076977107837,0.9212755949600883,0.0015145500858678765
538,3.2309951367585557,11.226215181143388,0.0014029750499226477
539,3.2648675130761187,1.6327872509541719,0.0014861517929998429
540,3.0810901807702105,1.0071219775987708,0.0013920747239709549
541,3.2123702609020732,1.3302747477655825,0.001455802055399703
542,3.2101293024809463,0.9411053502041361,0.0014108321275157125
543,3.178164990051933,0.8722578935001207,0.0013840669037207313
544,3.2057520513949185,4.349468702855318,0.0013943556594945815
545,3.218347943347433,0.7886136718418287,0.0014724176346688814
546,3.2075186086737593,1.443314790725708,0.0013306306310645912
547,3.2777355650196904,18.950985887776252,0.0015267025446519256
548,3.1790117077205493,0.8111738614414049,0.001399947654293931
549,3.204200889753259,1.126502381718677,0.0013606768283669067
550,3.2419279658276103,0.8442401056704314,0.0014211348176974318
551,3.2094904650812563,1.0685821097830068,0.0013939688974262579
552,3.132144731024037,1.0955075129218723,0.0013487868355182202
553,3.1539523186890976,2.3226573596829954,0.001403925702502222
554,3.0981817660124404,0.8842197604801344,0.0012973038753008714
555,3.140873732774154,1.9754178627677585,0.0013545290263288696
556,3.162529820981233,1.4743293212807698,0.001297732045793015
557,3.0445427376291025,1.0862188313318335,0.0015108677477616332
558,3.1055009676062544,0.8747313903725665,0.0013088408766476357
559,3.0948925432951553,1.163366587265678,0.001325186498908569
560,2.8648413367893384,0.9268508579420007,0.0017363248423308783
561,2.899431902429332,0.8726128080616826,0.006222044350579381
562,2.74218109379644,1.0017789006233215,0.007546792373709057
563,2.6010291783706,1.1191336901291558,0.003950229329664422
564,2.62505929366402,0.9109849955724634,0.0024229898623636236
565,2.73645862289097,1.0550996531610903,0.0019478259112119026
566,2.8023158156353496,0.9620720225831737,0.0017605870607835443
567,2.8796027328657066,1.4207496021104895,0.0016686015802880993
568,2.9305204930512803,0.8420045868210171,0.0015727012296733649
569,3.0166933951170547,0.8036341770835544,0.0015442604806436145
570,3.0224708888841714,1.7261979476265286,0.0015097429226759982
571,3.0947618069856064,0.9859432811322419,0.0015409413229107208
572,3.0206339670264204,0.8141838363979174,0.001452643069965036
573,3.0229738380597984,0.8769828418026799,0.0014948415944514716
574,2.945222128992495,1.045816737672557,0.0014302630341895249
575,2.909043374268905,0.9340929388999939,0.0015076638108281338
576,2.884060341378917,1.1066708279692608,0.0014169343554860225
577,2.8322254885797915,0.9172208982965221,0.00141790637280792
578,2.9037314808886983,7.440654643203901,0.0015339939348885546
579,2.686001984969429,1.0234936812649602,0.0014560792807732587
580,2.668359549149223,1.757121301215628,0.0014142046338352172
581,2.6427035850027334,1.0330771000488945,0.0015050937603835178
582,2.593140405157338,1.6054922186810037,0.001485745690803489
583,2.5604103026182754,2.4411686036897744,0.0014281536695425925
584,2.520558440166971,1.0662216129510298,0.001440585980637242
585,2.446161757344785,1.1144935488700867,0.0014166425579510953
586,2.456846320110819,42.66925955077876,0.0014277938601520398
587,2.3964445383652397,4.242243077443994,0.0014192790208060455
588,2.3965005149012026,1.151187590930773,0.0015014284847142255
589,2.37403158519579,1.080816116022027,0.001440673636313042
590,2.41993873015694,1.0721434769423113,0.0014908360064272647
591,2.435885056205418,1.085660042970077,0.001447744454945559
592,2.4196007044419,1.317249886367632,0.0013951919314896932
593,2.418279160623965,1.0329460320265398,0.001349256115803576
594,2.427550232928732,2.742899441200754,0.0015005041774281342
595,2.470119507416435,1.132464911626733,0.0014025569518866098
596,2.424288107001263,1.115087319975314,0.0014622555640728576
597,2.41292637327443,1.1740540162376736,0.001355083760521982
598,2.4166450604148535,1.2453680193942527,0.0013492748536088545
599,2.395258768745091,4.939054984113445,0.0014550846636943195
600,2.357080200444097,7.169675402019335,0.0014057881502515595
601,2.3332254368325938,1.3248978568160015,0.0013417481930683489
602,2.274987863457721,1.3995879810789358,0.001338907785754165
603,2.2495712197345235,1.254392426946889,0.001397828703098323
604,2.2113009276597397,2.1523669180662734,0.00132676822376316
605,2.1846805551777715,1.3126876146897026,0.0013263843872624896
606,2.1923857979152515,1.4970897954443227,0.0013815671023305344
607,2.181195388669553,1.2931801080703735,0.0014507477880334077
608,2.1375406617703647,1.606725988180741,0.001397580865001225
609,2.1639408028644063,1.2862622012262759,0.0014079340338787954
610,2.140029145323712,1.3471507041350654,0.0013340681325644255
611,2.1371073463688726,2.216408162013344,0.0013339904734216955
612,2.1837932234225064,1.3155195324317268,0.0013455245441392713
613,2.2162917074949844,1.474810066430465,0.0014086295749344256
614,2.2035414032314136,1.3521026269249294,0.0013856657719968455
615,2.2285629148068637,1.4337189197540283,0.001366573471940406
616,2.2545760921809985,1.2411298596340676,0.0013379135735980842
617,2.2067521551380986,1.225370624791021,0.001417480601483713
618,2.1936360545780347,4.423222567724145,0.0013121760490795841
619,2.241174449091372,1.2377320372540017,0.0013835612563011439
620,2.2024848046510117,1.8508586987205173,0.0012963696474047458
621,2.232835562332817,1.259613389554231,0.001370059255429584
622,2.2462547862011455,1.7161743900050288,0.0013611035917521172
623,2.2442759430926777,1.3262408608975618,0.0013331092954815729
624,2.233864462893942,1.5304091132205466,0.0014530126936733723
625,2.2567177855450176,1.3208446813666301,0.0013385739673495941
626,2.2039517164230347,1.403535915457684,0.00154747625650919
627,2.229482386423194,1.7283713195634924,0.001345534692518413
628,2.2534868095232095,1.4325315433999766,0.0013315197657388837
629,2.2054377586945244,1.654963529628256,0.0013116080536628547
630,2.2423145978347114,1.3140583556631338,0.001371352938408761
631,2.2243759113809336,1.5322838399721228,0.0013487559095349002
632,2.2229890978854634,1.4273241810176684,0.0013993828375216412
633,2.2004293307014136,2.1654484893964683,0.0013147076925910685
634,2.2467584713645605,2.0221355065055517,0.0013432649024964674
635,2.225388526916504,1.3649711868037349,0.0014610949893603506
636,2.2221134382745493,1.6518867845120637,0.0013007244206560047
637,2.236688468767249,1.3296757470006528,0.0013596123013564427
638,2.2539816731991977,2.224832830221757,0.001374507565861163
639,2.2817784703296162,2.5342866389647773,0.0013298239842381167
640,2.2465258473935337,3.235509209010912,0.0013560645747929811
641,2.2789875320766284,1.852394523827926,0.0012796666199827323
642,2.2742888927459717,1.5888880646747092,0.0012792252439438648
643,2.308391218600066,1.8593741137048472,0.001273405216836735
644,2.2998836817948716,1.3676347110582434,0.001507214462870489
645,2.2910259910251782,1.4506157351576763,0.001275729236152509
646,2.302074670791626,1.278298170670219,0.0012717969594118388
647,2.312905487806901,1.9361736722614453,0.0012715236921592252
648,2.2204674896986587,1.683204288068025,0.0012753671845016272
649,2.3021238264830215,1.7462413621985393,0.002211803124974603
650,2.2311260596565576,2.57484189323757,0.0020907619593503036
651,2.258419954258463,1.3212711033613787,0.0015022344634179835
652,2.250598606855973,1.911290687063466,0.0013184922433498762
653,2.2896069029103154,1.5803497252256975,0.0013184280073999064
654,2.248701002286828,3.6603067906006523,0.00126710529540382
655,2.244828929071841,1.3455241918563843,0.0012838571615841079
656,2.241923954175866,1.8919198927672014,0.0012548631057143211
657,2.243892949560414,1.8456712546555891,0.0012850239670471005
658,2.1763580985691235,2.148982820303544,0.0013198508911401682
659,2.1915647620740146,4.3755137816719385,0.00125486237179164
660,2.2144568381102188,2.4364967242531153,0.001202767380796697
661,2.1753097306127134,2.1786107705987017,0.0014024278877869897
662,2.2159289536268814,1.7866838755814924,0.001280738643127615
663,2.1846970786219058,2.6811559666758,0.0012192693134040935
664,2.1965062255444736,1.4110396582147349,0.0012686869797661252
665,2.12901715092037,1.9797357320785522,0.0012357331275858958
666,2.0911130438680234,4.590737099232881,0.0013355453215215516
667,2.1261195721833603,1.4936053649238918,0.0013071505109901013
668,2.1019694494164507,2.367025339085123,0.0013024849088295646
669,2.0688655272774072,1.9393520925355994,0.001301652483601609
670,2.0840131199878194,3.0757166510042935,0.0012312391924712322
671,2.0682058645331343,2.271320000938747,0.0015517458036218
672,2.0701740099036177,2.8963312636251035,0.0013077853946015239
673,2.0533123741979185,3.0608453439629595,0.0012454140739029517
674,1.9836609104405278,1.7942634147146475,0.0013718933585788245
675,2.009886752004209,4.3774289255556855,0.001298220539668008
676,2.0332410180050395,1.757825027341428,0.0012882843704732215
677,1.947497290113698,13.825834020324375,0.0013768310840848994
678,2.0376689382221387,1.4949088770410288,0.0013130492247317147
679,2.0437628963719243,2.3289533957191138,0.0015121052628787963
680,2.0542192459106445,2.8760330262391465,0.0013511937577277422
681,2.0179456005925718,2.386288984962132,0.0014142406061696618
682,2.051262010698733,7.075596726459006,0.0013091669104102514
683,2.0927955015845923,1.8910320064295894,0.001351654499202319
684,2.073059325632842,2.245065284811932,0.0013634595999737148
685,2.0671618088431982,2.9605435495791226,0.001346843762566214
686,2.0636086723078853,1.6734186981035315,0.0014131486102047822
687,2.0707512471986855,2.695417341978654,0.001391722668853143
688,2.079981689867766,5.746378053789553,0.0013939303791393404
689,2.1103735488394033,1.5172219017277593,0.0014051764130430377
690,2.05212037977965,1.980216974797456,0.0014095972545202012
691,2.084644934405451,2.954874976821568,0.001440996400323575
692,2.016625518384187,2.473381151323733,0.001490799735462212
693,2.0639922670696094,3.370397899461829,0.0015016056232802246
694,2.0455072288927822,5.694146850834722,0.0015729489209859269
695,2.029871836952541,3.3369268127109692,0.001647824583494145
696,1.9375490520311438,4.385527387909267,0.0018510539945134003
697,1.9759528999743254,2.8273811443992285,0.0022026335861047974
698,1.9699275597282078,3.120755537696507,0.002376307217080308
699,1.8983011971349302,4.411351286846658,0.002398701556755797
700,1.9053194626517918,4.008980004683785,0.0037767109359897995
701,1.8539342724758645,2.241542049076246,0.002653036884072682
702,1.7985369537187659,2.0128495434056157,0.0033117041963598003
703,1.759623029957647,2.1375963843387105,0.003175695598854319
704,1.6699700355529785,2.71888077777365,0.0028002033232832732
705,1.7982971460922905,2.6012287554533584,0.0036069375017414923
706,1.7595401535863462,3.2798951605091924,0.002639652867599026
707,1.7786570839259936,2.397100163542706,0.002931972823875106
708,1.8065986322320027,1.7355791433997776,0.0027846014936980996
709,1.764438043469968,3.068991956503495,0.00298150978051126
710,1.695489183716152,1.744094791619674,0.0032850322009914594
711,1.6688735588737156,4.391680691553199,0.0026876989691315785
712,1.7359759392945662,2.2520345034806626,0.0021480714305020547
713,1.6817689045615818,1.8498131658719934,0.0018023890493761587
714,1.7905739856802898,3.0151366202727607,0.002968685276320447
715,1.7770850347435994,2.898855022762133,0.0026746448635569086
716,1.817182774129121,1.8260040386863376,0.0018418055260553956
717,1.8500841648682305,1.9092258007630059,0.0016738087920795965
718,1.8206073926842732,1.8257576330848362,0.0015111094057236028
719,1.839105336562447,12.975460322006889,0.0014941704753057463
720,1.8661686130191968,1.8534417256065037,0.0014749817833628344
721,1.8842905967131904,4.2691960127457325,0.0014361991020648377
722,1.8886987541032874,1.5712917317514834,0.0014788696653736026
723,1.8420659251835034,1.56562340259552,0.0014467726755158408
724,1.856588830118594,1.8701666541721509,0.0014565581071150043
725,1.8795742366624915,19.883587215257727,0.0015117665702153158
726,1.8467824718226558,4.279974838961726,0.0014372315794310491
727,1.848939299583435,4.125360856885496,0.0014933325785576649
728,1.8210442221683005,1.5634079912434453,0.001474893079949138
729,1.8236059987026711,1.7084947358007017,0.0013905022769113598
730,1.8155513846355935,1.904768917871558,0.0013805857616598191
731,1.7951942163964976,1.8467895310858022,0.0014149019312437463
732,1.7963524434877478,7.662835945253787,0.0014805439707782605
733,1.7819083566251008,3.6911120777544766,0.0013647334670405025
734,1.7746997190558391,2.104500412940979,0.001377690254467661
735,1.736379509386809,1.9242788397747537,0.001324186481171004
736,1.764968612919683,9.10887350725091,0.0014761882763274987
737,1.7249886678612751,2.531545965567879,0.0014089964957826812
738,1.7533929037011189,3.5799893399943477,0.0013293307527656789
739,1.7511632235153862,5.313140319741291,0.00135432919183665
740,1.717851794284323,1.7115922907124395,0.0012989272515329978
741,1.664389009061067,9.10605455999789,0.0013603652351657333
742,1.7027692431988923,2.2912015500275986,0.0014125908289671593
743,1.725837914840035,2.6869705708130547,0.001298441359287371
744,1.7118237225905708,5.5290171633596,0.0013331866509321592
745,1.7172241625578508,1.7242201566696167,0.0013216187995251107
746,1.6640279915021814,3.4934870833935947,0.0013335596456232927
747,1.6614478567372197,17.235939388689786,0.0013132233364993463
748,1.6893799097641655,4.654021771057792,0.0014350679449980025
749,1.6994576972463857,1.874202365460603,0.0012697718288425517
750,1.6695130700650422,4.614267069360484,0.001493000060967777
751,1.6824338695277339,2.5358248378919517,0.0017325943639582913
752,1.6725357459939045,1.9309715810029402,0.0014245634665712714
753,1.6716963156409885,1.7212452111036882,0.0013576365258220744
754,1.6802973799083545,1.9333140124445376,0.0012983160457857277
755,1.6632935378862463,3.079806431480076,0.0012802379610745804
756,1.6733334427294524,1.6419048568476802,0.0013193662592169383
757,1.646575471629267,2.015030834985816,0.0014976687101728242
758,1.677128755527994,1.6711873593537703,0.001301804668796451
759,1.6562681820081628,2.493640448736108,0.0013395396172595413
760,1.6392052225444629,2.3124650768611743,0.001308288840253068
761,1.684716100278108,2.091802612594936,0.0012450460395168352
762,1.6499355668606965,5.587438205014104,0.001292691991219054
763,1.626205299211585,2.3086272529933765,0.0012464433928708668
764,1.602900064509848,3.020423764767854,0.00138667405522226
765,1.6269635013912036,2.3946774990662285,0.0013876405959624958
766,1.6132563922716223,5.844721270644146,0.0012628071911066122
767,1.630903140358303,2.889855980873108,0.0012439311097335556
768,1.6265273975289387,4.328749008800672,0.001370467149409587
769,1.616660527561022,4.199965134910915,0.0012917645761500235
770,1.622463936391084,2.576376049414925,0.0014789549826198945
771,1.6175079604853755,2.3426020352736763,0.0012858699470677454
772,1.584899498068768,1.8161098335100256,0.0012634189485612771
773,1.6025672995525857,3.06168300172557,0.0012478947426880832
774,1.602387195048125,3.920626427816308,0.001331881771835944
775,1.613061065259187,2.7181541297746743,0.0012197208884374602
776,1.5990608360456384,1.9831262101297793,0.0013990583880197096
777,1.5699811655542124,1.8889584126679793,0.0012147919244497366
778,1.562708222347757,3.1127062414003457,0.0013090764557051918
779,1.579123035721157,2.789074457210043,0.0013835619851622892
780,1.5806704707767651,3.3200975863829902,0.0012565858702620735
781,1.5671736001968384,1.7464029270669688,0.001280041725334266
782,1.607642852741739,2.615611993748209,0.001242872064366289
783,1.580431580543518,1.78313017928082,0.0011962468219597054
784,1.5818603919899983,2.2994162414384927,0.0012894391345427089
785,1.5664322998212732,3.346410378165867,0.0012318557634463777
786,1.5733282099599424,1.6981080096700918,0.00122284018130892
787,1.6494988565859587,4.606995105743408,0.0011775123826025622
788,1.5951578720756199,2.162883919218312,0.0013032897284416401
789,1.6151979021404101,4.323272964228755,0.001174375369294506
790,1.6389249718707541,1.5852884779805723,0.001157447012424793
791,1.6010131887767627,1.7759153635605522,0.0012391630266590612
792,1.6100018750066343,1.8404604766679846,0.0011287911481264493
793,1.6082914031070212,2.158953210581904,0.0011682932659902651
794,1.5938041158344434,5.3787366203639815,0.001454146346077323
795,1.588346445042154,2.6362891300864844,0.0011568074671389616
796,1.5939663752265598,6.637356597444286,0.001118939273747737
797,1.59067484088566,9.005804113719774,0.0011566425167510042
798,1.6196952125300532,2.26084478005119,0.0011213443636813242
799,1.6047459477963655,1.6279326159021128,0.0012083457954956787
800,1.6172974161479785,2.2037747061770894,0.0011050632760009687
801,1.602791252343551,1.6912406371987385,0.0012406927695416887
802,1.6315449113431184,1.6128529673037322,0.0010890933158604996
803,1.6161481660345327,1.8716991621515024,0.0013261650506730962
804,1.5926988954129426,1.6174408456553584,0.001121197138791499
805,1.6191625802413276,2.4308345214180322,0.001108819679559573
806,1.6222999147746875,1.9254652313564136,0.0011464035310580032
807,1.6284118527951448,1.7592188379038936,0.0011927346172540085
808,1.6889565716619077,1.6614281042762424,0.001248898247823767
809,1.6133322767589404,6.132391794868138,0.0010969475235628045
810,1.6538566817408022,2.100767793862716,0.0011162021065778706
811,1.6293327652889749,20.219351986180182,0.0011086973422409399
812,1.619144750678021,2.352956180987151,0.001144666862471596
813,1.611045593800752,1.8738411043001257,0.0011133076319390018
814,1.62596667331198,1.9609271598898845,0.0010623130947351456
815,1.6756307456804358,1.6334436872731084,0.0011012189991205282
816,1.6409504672755366,2.9722760138304336,0.0010884025275869214
817,1.6776327413061392,1.6599829559740813,0.0010550190826230075
818,1.6624925810357798,1.9604647937028303,0.001185164392075461
819,1.656259350154711,1.962460414223049,0.0010876152107654059
820,1.6584644265796826,1.727636720823205,0.0010761645642797584
821,1.6599135761675627,2.307537467583366,0.0010586766495733805
822,1.67787418158158,1.9960254741751629,0.0011556988895830252
823,1.65926600539166,2.1787000220754873,0.0015206787148085625
824,1.6664614832919578,2.302670074545819,0.0013584735469244745
825,1.6528729770494544,1.6996632347936216,0.001190352633231036
826,1.6700369015983914,2.664718234020731,0.0011572750821790617
827,1.6459780413171519,1.914190437482751,0.0010412910031964598
828,1.6625005939732427,1.757469011389691,0.001095664297716449
829,1.6545714295428733,1.62691853357398,0.0010748197294204779
830,1.6550621934559033,2.080741446951161,0.0010786528810453804
831,1.6315785335457844,1.7212191768314526,0.0010576176295137923
832,1.6528199496476546,1.8751702360484912,0.001219543962455962
833,1.6589415125224902,1.647720243619836,0.00105242228196205
834,1.6584205471951028,1.694180965423584,0.0010351695464519055
835,1.652932452118915,2.1164859844290693,0.0010599123146992338
836,1.6375285905340444,1.9329926293829214,0.0010917901780213351
837,1.636066224264062,2.057269251864889,0.0010170309232426403
838,1.6393333103345789,1.9330174041830974,0.001198049996594858
839,1.6436857866204304,2.145713728407155,0.0012135631910970678
840,1.6339905935785044,2.186115353003792,0.0012164745358345301
841,1.626753620479418,1.846316881801771,0.001069355335936922
842,1.6313936088396155,2.097222680630891,0.0010269249399678538
843,1.6118271765501604,1.794447028118631,0.0010598339216338227
844,1.603963033012722,2.403945964315663,0.0012590519668858337
845,1.5969447778618855,1.6826578378677368,0.0010320557731851611
846,1.6091543487880542,2.0408114609511,0.0010843457193518786
847,1.6134749495464822,1.6894000975982002,0.001031176020067347
848,1.5939980071523916,1.9800068761991418,0.001067616916059152
849,1.587279314580171,1.7222956885462222,0.0010371517147059026
850,1.5993972187456877,1.8025277956672336,0.0011179791004194515
851,1.5701030337292214,1.9685042422750723,0.0010775360278785229
852,1.5982322692871094,1.8436925411224365,0.0010850600969127338
853,1.5801292243211165,2.0236660553061445,0.0010080195826721256
854,1.5668606654457424,1.9241967875024546,0.0011793691234703622
855,1.5918478602948396,1.9628751433413962,0.0010573913586204467
856,1.574511813080829,1.719457051028376,0.0010243945744941416
857,1.5624598575674968,1.897580571796583,0.0010202669629665172
858,1.5619615420051243,2.405750896619714,0.0010317937956879969
859,1.5733508960060452,1.818593159965847,0.001189940178807339
860,1.545993068943853,1.8775033898975537,0.0010218811094882371
861,1.5502808042194531,1.768716625545336,0.0010498202147731638
862,1.5459405546602996,1.9599358931831692,0.0010354024656724346
863,1.545975508897201,1.8304392254870872,0.001065019993921337
864,1.5449413216632346,2.0459198122439175,0.0009903664391933253
865,1.543687017067619,1.786535620689392,0.0010715381662442308
866,1.5249058319174724,1.749598907387775,0.0010239114357239525
867,1.5320984798928965,2.3449076984239663,0.0010200115376273575
868,1.5353405009145322,1.9178592795911042,0.001193553371273953
869,1.5205503961314326,1.8079574678255164,0.0010147527842175054
870,1.5377124962599382,1.7942142279251763,0.0011572326209558094
871,1.5275239996288135,1.8922835225644319,0.000978326230087196
872,1.554610278295434,6.586343272872593,0.001045893910644657
873,1.539669394493103,2.6132877494977866,0.0010008278414202125
874,1.5387936415879622,4.033511332843615,0.0009952905187990677
875,1.5152079437090002,1.8554041178330132,0.0011523202233745353
876,1.5293611443561057,1.858940803486368,0.001111945527119805
877,1.5295028479202935,1.8829113607821257,0.0011316122988279424
878,1.516762225524239,1.9288702581239783,0.0010113525077822092
879,1.5228074218915857,1.7193190533181895,0.0010258778423556814
880,1.5127058391985686,1.950465482214223,0.0010781320566109018
881,1.5347023632215417,1.7102757277696028,0.001031106249328055
882,1.5000165804572727,3.040523192156916,0.0010298899648225179
883,1.5343646381212317,1.8915176909902822,0.001110958241675373
884,1.5405491901480632,1.6902311573857847,0.0010542396061203401
885,1.5284614770308784,1.8093442709549614,0.001098092154437757
886,1.5600498655567998,1.6707286575566167,0.001028644009594522
887,1.5306981076364932,1.8975631827893464,0.0019674384510954437
888,1.5670833483986233,1.5722066734148108,0.013712886012280765
889,1.6566185743912407,1.330557900926341,0.013741952346880798
890,1.7020595281020454,1.3276439386865366,0.005330545159623674
891,1.7200210923733918,1.4988456394361414,0.0034072524463029013
892,1.7487784727759983,1.4821621386901191,0.002750218967380731
893,1.7557300847509634,1.3321008267609968,0.0023337241424166637
894,1.761948103490083,2.3306362680766894,0.0021909861622945123
895,1.7757426344830056,1.3737545272578364,0.0020115218864267936
896,1.7822226285934448,1.4816716598427815,0.0018780477618312707
897,1.7591267409531965,2.218392595000889,0.001790001851749485
898,1.7640697800594827,1.4683993018191794,0.001682607558272455
899,1.74400984722635,3.15013471375341,0.00167802011128515
900,1.735909358314846,1.5245253625123396,0.0015910347954005651
901,1.754716334135636,1.651237814322762,0.0015760183273612158
902,1.7213939169178838,1.6178743009981902,0.002959547908571751
903,1.7397262687268464,2.1176103249840112,0.0018601105750902839
904,1.740328602168871,1.5557486078013545,0.0015502855606863031
905,1.739384449046591,1.5351597278014473,0.001462626584765056
906,1.7504474235617595,1.7410363010738208,0.001411482590534117
907,1.7661566475163335,1.5989097875097524,0.0013797886254589844
908,1.732567828634511,1.7266374826431274,0.0014101111066892095
909,1.7456511725550112,1.5073048083678535,0.001368619779975194
910,1.7405213013939236,1.8622111859528914,0.0013225026347714922
911,1.7297650679298069,1.573506790658702,0.0013209880511883807
912,1.7446644098862358,1.8318653262179831,0.001280311009158259
913,1.7405046483744746,1.5266624118970789,0.0012808910510300295
914,1.7330670304920361,1.5598379010739534,0.0013168515971578333
915,1.7453676514003589,1.7760390198749045,0.0012445804490910275
916,1.709034448084624,1.7188053131103516,0.001256032173683786
917,1.7083485385645991,1.9090326091517573,0.0012671220541486273
918,1.709076368290445,1.587292422419009,0.0012496231002328188
919,1.6987925094106924,1.8576839592145837,0.001221401287931139
920,1.711643452229707,1.6759724409683892,0.0012159294590515935
921,1.7163346694863362,1.6695846267368482,0.001213850291526836
922,1.6834957029508508,1.8095367058463718,0.001215190910126852
923,1.7007960651231848,1.856346809345743,0.0011912447440883388
924,1.7000893717226775,1.679381655610126,0.0011870760784443953
925,1.6856433567793474,1.6708115183788796,0.001159048163453522
926,1.6616022379502007,2.4862542670706045,0.0011945632994984803
927,1.671261419420657,1.6589986967003865,0.001257885217099734
928,1.650713474854179,1.9545788868613865,0.0011886391464782798
929,1.6624838269275168,2.8314389664193857,0.0011585579891486661
930,1.660383146742116,1.6590266020401665,0.0011754028863557007
931,1.6639705274416052,1.681376374286154,0.0011390967841219642
932,1.6287358947422192,2.5108911472818125,0.0011831096211529296
933,1.631876157677692,1.9479312741238137,0.0011675339394613452
934,1.6296315400496773,3.337689404902251,0.0011490369367453716
935,1.6064002928526506,1.9885132053624028,0.0011600929049208112
936,1.6077276209126348,2.9473816571028335,0.0011459927874333832
937,1.5838832544243855,1.6875508609025374,0.0013325333686383522
938,1.5985640961190928,33.334739887196086,0.0011939925050524914
939,1.5916758153749548,1.6905617558437844,0.0011166608082535474
940,1.5608125354932703,3.5830270103786304,0.001109627333631658
941,1.5727572648421577,1.651855080024056,0.001961208125778838
942,1.5725756520810334,1.742071965466375,0.0017303978042353106
943,1.5714764284050984,1.6457046270370483,0.0021518312809664917
944,1.5747447428495989,1.6898036521414053,0.0016317863938520136
945,1.5790117564408674,1.677373564761618,0.001295277373055401
946,1.5578076943107273,1.8596774598826533,0.0012317735590445607
947,1.5532803794612056,2.0394153543140576,0.001171456417068839
948,1.5724431276321411,1.7055172972057178,0.0011225418066201003
949,1.5621421803598818,1.7114367018575254,0.0012141244496097383
950,1.578531203062638,1.6778319244799407,0.001708705003535294
951,1.5561461448669434,2.2221054978992627,0.0013164725944237864
952,1.543397068977356,1.663534351017164,0.0011701199995434802
953,1.5426710014757903,1.7136006355285645,0.0011670865756257074
954,1.4985657360242761,2.0864986958711045,0.0011631444086442175
955,1.5180244808611663,1.7915753281634788,0.0011596013994320579
956,1.5305511692295903,2.53334088947462,0.0011089190273829129
957,1.493202551551487,1.88558872886326,0.001235218111263669
958,1.5014273083728293,1.7134013901586118,0.001112828051428432
959,1.519614022711049,1.6964137346848198,0.0011617405006014135
960,1.515519002209539,1.6986725226692532,0.001180597292461797
961,1.5095607353293377,1.6768245489700981,0.0010902315135235372
962,1.4906023481617803,3.7166038699772046,0.00115352855367667
963,1.48200639952784,1.7013875194217847,0.0013097700986849225
964,1.4611526157545007,1.727040435956872,0.0011373347724261491
965,1.467326952063519,1.7124003431071406,0.001101643945414411
966,1.4669151513472847,6.494936367739802,0.0011259623519752336
967,1.4783936479817266,1.7182364826617034,0.0010853899926271129
968,1.4683026282683662,1.684147041776906,0.001137295586016515
969,1.4688395158104275,2.2789557135623433,0.001105417320302323
970,1.4475063707517541,1.8141420302183733,0.0010754569160306583
971,1.4545136793800022,1.6944990002590676,0.00108212829850938
972,1.4555058790289837,1.6981496344441953,0.0010699454350801914
973,1.4509742778280508,1.692765526149584,0.0010665862304765892
974,1.4555034585621045,1.701037971869759,0.0011065943854982438
975,1.4413840148759924,1.7015173694361811,0.0010841485750659006
976,1.4446372052897578,1.738608692003333,0.0010791219993615928
977,1.4319444946620776,1.695258363433506,0.0011313768285934043
978,1.4416893046835195,1.7143532452375994,0.0011072394276118796
979,1.4227875315624734,1.72663646677266,0.0010530696498513546
980,1.425606520279594,1.7126022162644758,0.0010910467598992198
981,1.4277950006982554,1.8087510285170183,0.0010618406256822789
982,1.4432278664215752,1.7013690005178037,0.0010385769039756901
983,1.4356076095415198,1.7013895252476567,0.00109123047846167
984,1.4428982579189797,1.6882725850395535,0.0010227865726767998
985,1.4292515412620876,1.6957355374875276,0.001058074352128998
986,1.433539893316186,1.721204109813856,0.0010875919479471834
987,1.4298704344293345,1.6905132272969121,0.001148704677293806
988,1.420624007349429,1.7282507160435552,0.0011552927215867069
989,1.4344850260278452,1.7001765085303264,0.0010758075539184654
990,1.430042873258176,1.7268169392710147,0.0010290766772611635
991,1.4043680118477864,1.696882989095605,0.0010819690625952637
992,1.403618335723877,1.699431289797244,0.001063592792691096
993,1.4044515205466228,1.6922184384387473,0.0010013716275115376
994,1.4126703220865,1.6888936084249746,0.0010045692248715331
995,1.4090527399726536,1.6921775185543557,0.00108008930945526
996,1.4257027221762615,1.692841685336569,0.0010139156821305337
997,1.4142712976621545,1.6931856145029482,0.00100973687823052
998,1.407191919243854,1.6898135102313498,0.0010392870779311204
999,1.4101344087849492,1.6888954846755317,0.001175374627801711
1000,1.4073256098705789,1.6871828410936438,0.000995930519623115
1001,1.4030741090359895,1.6863916127578071,0.0010592413423380451
1002,1.403503443883813,1.7424612770909849,0.0010219720779391735
1003,1.3967450390691343,1.6881074905395508,0.0010903417436487
1004,1.399012073226597,1.6982818738273953,0.0010329237455785599
1005,1.3995280628618987,1.686885838923247,0.0010256334739413273
1006,1.3987734628760295,1.6881409779838894,0.0010192231426987312
1007,1.401953013046928,1.6865542764249055,0.0010059076897880952
1008,1.4022985955943232,1.6858067668002585,0.0010189341593776708
1009,1.3996993977090586,1.6849319105562957,0.0010533896401403067
1010,1.4034374226694522,1.6843683564144631,0.0015974584815051892
1011,1.4064929433490918,1.690719371256621,0.00184317069310371
1012,1.3952042123545771,1.7507450528766797,0.0012399739555447645
1013,1.3845170373501985,1.683371486871139,0.0010952089670235696
1014,1.3933580284533293,1.682222563287486,0.00111798417713979
1015,1.3977049951967986,1.6829339887784875,0.0010261450003346672
1016,1.3877754159595654,1.6812992821569028,0.0010306977226560855
1017,1.3921745652737825,1.6813525998074075,0.0010580219981341581
1018,1.3942188231841377,1.6803103685379028,0.0010337521696625197
1019,1.394618941389996,1.6810526122217593,0.0010274998646269998
1020,1.3959451810173367,1.6808906378953352,0.0011694467494912121
1021,1.3873765053956404,1.6795825802761575,0.0010128103237113228
1022,1.400918291962665,1.6798543722733208,0.0010074518099629684
1023,1.400484473808952,1.6886452851088152,0.001112106524448356
1024,1.4009871016377988,1.6781503117602805,0.00102231401251629
1025,1.3925987741221553,1.6759186205656633,0.0012176294112578034
1026,1.3907793501149053,1.6855931178383206,0.001024512809438064
1027,1.3841642089512036,1.6775257120961728,0.0010476304881234207
1028,1.3903989429059236,1.6751117395318074,0.0010023273441576116
1029,1.3826041169788525,1.6729968941730002,0.0009579900652170181
1030,1.3850649491600369,1.6820748577947202,0.0010324675569553738
1031,1.387783055720122,1.6720539227775906,0.0010071675566470494
1032,1.3884065928666487,1.6696505028268565,0.0010334817798929694
1033,1.4003207528072854,1.6708316440167634,0.0009670419664041179
1034,1.3986797540084175,1.6712625234023384,0.0010487708900852697
1035,1.4011674601098765,1.6724719638409822,0.0010911059975826545
1036,1.3960749999336575,2.3371221034423164,0.0009602007162554756
1037,1.4057077376738838,1.6724844134372214,0.0011172321974299848
1038,1.3935142703678296,1.6843946913014287,0.0010984281037488709
1039,1.3814425623935203,1.6772631406784058,0.0010078576590825358
1040,1.394992750623952,1.6710793039073115,0.0010955509547468114
1041,1.3966851597246916,1.665829933207968,0.000991523812484482
1042,1.3992587483447532,1.6625988327938577,0.001014913655007663
1043,1.3992992743201877,1.6656770136045373,0.0010245119894692755
1044,1.3976225645645806,1.6684666457383528,0.0011777479819062612
1045,1.388516084007595,1.674273915912794,0.0035915777046719322
1046,1.407067288523135,1.6681328804596611,0.0028652185068020353
1047,1.3973080645436826,1.8127468979876975,0.0017401870623554873
1048,1.3989889569904492,1.6487176625624946,0.0012817221096433375
1049,1.4126583804254946,1.6605646765750388,0.001265033507598159
1050,1.4294509265733801,1.6684647746708081,0.0011854348400526721
1051,1.439336491667706,1.6516641793043718,0.0011722007766366005
1052,1.4267933576003364,1.6558684836263242,0.001141470031934264
1053,1.414134549058002,1.9361763777940169,0.0011354364738192248
1054,1.4171057991359546,3.8759922773941704,0.0011793605922518866
1055,1.419572747271994,1.6671043582584546,0.0010896946819823074
1056,1.4178650171860405,1.7058703692063042,0.0010914060530131278
1057,1.430237194766169,1.6539872573769612,0.001095761347602567
1058,1.433964703394019,1.6599513810613882,0.0011273057645429735
1059,1.4305557323538738,1.6842123736505923,0.0010838151717072596
1060,1.418836147888847,1.6825285268866497,0.0011548256785001445
1061,1.4150827034660007,1.662983220556508,0.0010858757583343465
1062,1.4091157602227253,1.6704559844473135,0.0010445263418976379
1063,1.4116471798523613,1.6674054964728977,0.0011501371577058148
1064,1.4132165546002595,1.661628863085871,0.0012161750599498982
1065,1.4282431498817776,1.6641803357912146,0.0012291420362484844
1066,1.4239857818769373,1.6610740630523018,0.0010451448109486828
1067,1.430416060530621,1.6624980905781621,0.0010227434559846702
1068,1.4286424128905586,1.66124761622885,0.0011654218517081893
1069,1.422893912895866,1.6524417763170989,0.0010377989282183673
1070,1.4190679062967715,1.6622334926024727,0.0010954785747858493
1071,1.418818940287051,1.6617157925730166,0.0013301681180525086
1072,1.39927033237789,1.6612391420032666,0.0010936194727116306
1073,1.4092661556990251,1.6588027425434277,0.0010494393519247355
1074,1.4107533952464228,1.6630046212154885,0.000998891034649442
1075,1.418072275493456,1.659759977589483,0.0011241838244883263
1076,1.4226207422173542,1.668969029965608,0.001115293191421939
1077,1.4320784392564192,1.6719510555267334,0.001014752186956289
1078,1.4243753941162773,1.6654460015504255,0.001209004969417077
1079,1.4239643656689187,1.6598361419594807,0.0010282379934442756
1080,1.4223963436873064,1.6598674940026326,0.0009689435853784823
1081,1.4208406106285427,1.6580098711926003,0.0010851412864766367
1082,1.4252651048743206,1.6633276369260706,0.001047136672043606
1083,1.414069802864738,1.662453573683034,0.0009938302834558747
1084,1.4100434987441353,1.661443803621375,0.0009743534433452979
1085,1.4097376543542612,1.6598824832750403,0.0010617569913966176
1086,1.4123271859210471,1.6606242760368015,0.0010448836508895392
1087,1.4131369124288145,1.66112946945688,0.0009961207397282124
1088,1.417259050452191,1.660296766654305,0.000940614099027184
1089,1.4236332644586978,1.6646745360415915,0.00104213522180267
1090,1.4246637873027637,1.6613296840501868,0.0009717183395126915
1091,1.4229417624680891,1.661378176315971,0.0010085238432309227
1092,1.4182196751884792,1.6616894369540007,0.0010018882559328947
1093,1.4159917572270269,1.6604153695313826,0.0009557389649157615
1094,1.4141857624053955,1.6606089084044746,0.001059331807166176
1095,1.412484505902166,1.6615404927212258,0.001004045110438829
1096,1.4086030358853547,1.66016191503276,0.0009462556184228996
1097,1.4170189162959224,1.6606113133223162,0.0009546393589319094
1098,1.4191889089086782,1.6626153458719668,0.001292518059135941
1099,1.4180025950722073,1.6606407735658728,0.001015769626499842
1100,1.426696108735126,1.6607209599536399,0.000977784066218073
1101,1.4244985269463581,1.6605431307917056,0.0009935068184226427
1102,1.4240073380262956,1.6599109794782556,0.0009200652560178677
1103,1.4312005768651548,1.6607832183008608,0.0010995483127139185
1104,1.4280293609784998,1.6604383821072786,0.0010026043265774522
1105,1.4235298581745313,1.6583513902581257,0.0009219131113596908
1106,1.4205791120943816,1.657525518666143,0.0009942213149295876
1107,1.4229453646618386,1.657553449920986,0.0009527154438926474
1108,1.4232143992963044,1.6567662228708682,0.0009739563658671534
1109,1.4235555814660115,1.656129520872365,0.0009941390548508775
1110,1.4255560221879378,1.6541353049485579,0.0009405427718656542
1111,1.425616917402848,1.654633008915445,0.0009896570269990227
1112,1.4281176639639812,1.6530339873355369,0.0009563917992636561
1113,1.4341576773187388,1.6535117004228674,0.0010805357318452518
1114,1.4277726100838704,1.6512485431588215,0.0010351316456723473
1115,1.4268305146175881,1.6502925157546997,0.0009779245086500177
1116,1.4256117084751958,1.648876615192579,0.0009498707874192168
1117,1.4307646492253179,1.6473530686419944,0.0008932983163622735
1118,1.4329903022102688,1.6498694471690967,0.0013466140118670528
1119,1.433999108231586,1.6506701189538706,0.0012241951847934852
1120,1.4320138589195583,1.6451663400815881,0.0009569766141636217
1121,1.4393579182417497,1.644329563431118,0.000933139949389126
1122,1.438663679620494,1.6441278561301853,0.0009582185631860857
1123,1.4413641691207886,1.643178157184435,0.000965301091681518
1124,1.439795742864194,1.641444242518881,0.0009534957707333176
1125,1.442229996556821,1.6418910182040671,0.0009649501425092635
1126,1.440556676491447,1.639362449231355,0.0009126303560586404
1127,1.442944858385169,1.6398534100988638,0.0009665009464420702
1128,1.4430813374726668,1.6371943743332573,0.0009010716559081945
1129,1.4474682756092236,1.6386373768682065,0.0010317837384164982
1130,1.4463057777156,1.6363902869431868,0.0009372938353487331
1131,1.447728613148565,1.6350327108217322,0.0009929164864487298
1132,1.450599307599275,1.6357120430987815,0.00096714127626594
1133,1.451651650926341,1.6326806337937065,0.0009913580547815757
1134,1.4529369603032651,1.633757067763287,0.0010185314914333107
1135,1.4518687414086384,1.6302264617836995,0.0009655936611006441
1136,1.453302062076071,1.6306812348573103,0.0009315553445207036
1137,1.4536058021628337,1.6277916120446247,0.0009182628709822893
1138,1.4525673026623933,1.6270835917928945,0.0009545646228260645
1139,1.4564112269360086,1.6248715027518894,0.0009304301474121926
1140,1.460203626881475,1.6271748283635015,0.0010627746334015999
1141,1.4602357356444648,1.623269013736559,0.000984823710852019
1142,1.464254379272461,1.6333619148834893,0.0021376236007832313
1143,1.457546363706174,1.6211775230324788,0.0011475714348742495
1144,1.4603626468907231,1.6159224717513374,0.0009525829303564261
1145,1.465205078539641,1.6137816646824712,0.0009334389798586135
1146,1.4673675298690796,1.6124876374783723,0.0009171700474563177
1147,1.4687262877174045,1.6094089383664338,0.0009357208340509754
1148,1.4723092576731807,1.6075921214145164,0.0009202803232018714
1149,1.4723968609519626,1.6035867307497107,0.0008847051320354576
1150,1.4776269145633862,1.6036993161491726,0.0010194724233335128
1151,1.4800929401231848,1.598327610803687,0.0009023637191959373
1152,1.4887538837349934,1.5951719335887744,0.0008842538682865384
1153,1.4960324090460073,1.592541912327642,0.0009499758193471833
1154,1.4997568700624548,1.589321608128755,0.0008984360535143186
1155,1.505376240481501,1.5870098704877107,0.0009242735560173574
1156,1.5062601255333943,1.5830596789069797,0.0009221059229710828
1157,1.507152215294216,1.5793558359146118,0.0008980890371553276
1158,1.5111796855926514,1.5739996122277302,0.0009720673324013858
1159,1.515191622402357,1.5749111952988997,0.0009404356672388056
1160,1.5195797992789226,1.5625095056450886,0.0008697302824736613
1161,1.5340026565220044,1.5581686548564746,0.0008895617110006835
1162,1.5351763445398081,1.5559610491213591,0.0008805618196239938
1163,1.540528240411178,1.5515393122382786,0.0009998003724436073
1164,1.5339566832003386,1.5537899991740352,0.0009087956986268578
1165,1.551751515139704,1.5407215045846028,0.000912930155881559
1166,1.5569377671117368,1.5551803008369778,0.0010255055942410684
1167,1.5747649306836335,1.530392947404281,0.0008894783348533447
1168,1.5923162439595098,1.5592133428739465,0.0009438984713557621
1169,1.5948483581128328,1.5286454376967058,0.0009797175475598676
1170,1.6042815084042756,1.5290979717088782,0.0009970859594076223
1171,1.6153073932813562,1.551610221033511,0.0009206632233184317
1172,1.6238648943279101,1.5227891880532969,0.0010555462441002221
1173,1.619675620742466,1.5510979787163113,0.0009228952416299802
1174,1.6279273188632468,1.5286370463993237,0.0010516991352905397
1175,1.6177997329960698,1.5469579282014265,0.0009284860419068972
1176,1.623309674470321,1.5199147773825603,0.00087075561295142
1177,1.6296847125758296,1.5142070832459822,0.0008754190285285206
1178,1.626458712246107,1.5683397158332493,0.0009723282975914037
1179,1.6195689336113308,1.5277981343476668,0.0008698350157710197
1180,1.6167521684066108,1.5565285941828853,0.0008810433462950523
1181,1.6143027647681858,1.5307741113331006,0.0009628565040538492
1182,1.6145350518433943,1.5986810870792554,0.0009175635919825214
1183,1.6086097230081973,1.5427412261133608,0.0008908329131689085
1184,1.6106085621792336,1.5602605653845745,0.0008576999686698874
1185,1.6186647622481636,1.5292599201202393,0.001004589936675747
1186,1.6341066982435144,1.605050978453263,0.007548033057347588
1187,1.6077370332634968,2.588453261748604,0.0032393630776230407
1188,1.6071125579916912,1.4722498292508333,0.0020800919383359346
1189,1.5957619729249373,1.5546819541765295,0.0016016538771193314
1190,1.5965962461803271,1.5222133190735527,0.0013628441374748945
1191,1.6182363810746565,5.760325618412184,0.0012457703452800279
1192,1.6792525364005046,1.4687647508538288,0.0011751608184093366
1193,1.6951854280803516,1.4756350931913957,0.0011408853739419062
1194,1.6900590347207112,1.538386697354524,0.0010861440754050145
1195,1.6868189314137334,1.5264354166777239,0.00105941964758803
1196,1.6675309357435808,1.8274130251096643,0.0010428287939209006
1197,1.6249734733415686,1.5288341978321904,0.0010331672484703038
1198,1.567462402841319,1.658289214839106,0.001046711639703616
1199,1.5772560938544895,1.51891144980555,0.0010108632344307134
1200,1.5901369478391565,3.8436688340228535,0.0009601819303656077
1201,1.5982556913209998,1.5248992132103962,0.0009747423945278254
1202,1.6298946194026782,4.807572530663532,0.0009940687703657086
1203,1.6390668775724329,1.836624316547228,0.0009688764086762524
1204,1.6304652639057324,1.5565415620803833,0.0009567230261619325
1205,1.6243715908216394,1.6407828020012898,0.0009549287800758105
1206,1.6272272804509038,1.5844519760297693,0.000925477363837316
1207,1.6251534171726392,1.6286689820496931,0.0009791888625603979
1208,1.6249643305073613,1.5756013963533484,0.0009406809037065376
1209,1.6221522248309592,1.7354583014612612,0.0009478516750159147
1210,1.6380857384723166,1.7793609474016272,0.000919547298943381
1211,1.6475558021794194,1.5805784152901692,0.0010468668643506649
1212,1.66154218238333,1.6343265875526096,0.0009074527011050478
1213,1.6344331658404807,2.133348656737286,0.0008811747058011267
1214,1.5988400708074155,1.611478504927262,0.000942603945630886
1215,1.5889026652211728,1.8664960705715676,0.0009145917391161556
1216,1.5840101397555808,1.7987592738607656,0.00094242999330163
1217,1.5954541797223298,1.5852520828661711,0.0009086603987152162
1218,1.575478610785111,1.6041961545529573,0.0008941091440172623
1219,1.596265725467516,2.5532189503959986,0.0010163094797779036
1220,1.583954816279204,1.7538959565369978,0.0008784828950529513
1221,1.5920352883960889,1.6890290042628413,0.0008799489056084143
1222,1.621129212172135,1.5951861454092937,0.0008827558941329303
1223,1.6412130231442659,1.6278865389201953,0.0009568363539469631
1224,1.6707466063292131,1.667045691738958,0.0009276555172856088
1225,1.664502501487732,1.6398375293482905,0.0009149109347439978
1226,1.6572410904842874,1.6449062150457632,0.0009211290415133471
1227,1.6481602658396182,1.6053368008655051,0.0010607670157459443
1228,1.6132209300994873,1.755250941152158,0.0010067003136298256
1229,1.571530870769335,1.5656609379726907,0.0008988914297610197
1230,1.5530603191126948,1.864894405655239,0.000990363842625495
1231,1.5291535180547964,1.6266656958538552,0.000863988886324122
1232,1.4927956643311873,2.5205169086870938,0.001077839704837812
1233,1.5159844315570334,2.184769277987273,0.0009022732771447171
1234,1.5576811769734258,2.1833892283232315,0.0008777037627347138
1235,1.6071623408276101,1.6787332607352214,0.0008611026695807991
1236,1.6248624532119087,1.6254892608393794,0.000970190841421161
1237,1.6522975693578306,1.6650143913600757,0.0008638760039542357
1238,1.6243241662564485,1.683930692465409,0.0008681855878144827
1239,1.6099617533061816,1.787123089251311,0.0008902605724237535
1240,1.5966949618381003,1.62948405224344,0.0009062769544391853
1241,1.5925420108048811,1.6730525182641072,0.0023077631435033095
1242,1.5887259815050208,1.7709471609281457,0.0021447958475302744
1243,1.534034241800723,1.9581595244614973,0.001213669771854968
1244,1.507093652434971,1.6531499676082446,0.0009760008947721318
1245,1.5787956818290378,1.6309253029201343,0.0009277245996560415
1246,1.5982648289721946,1.6571994864422341,0.0009110321204744927
1247,1.6041913602663123,1.6288067568903384,0.0009218379905771302
1248,1.616535793180051,1.7391391681588215,0.0008698891843264194
1249,1.5937202391417131,1.5993485865385637,0.0010121419099564462
1250,1.573243991188381,1.6156813320906267,0.001097739993027695
1251,1.5797851966774983,1.7125455192897632,0.000947947262118206
1252,1.56552531408227,1.9126949880434119,0.0008507792802487055
1253,1.5934494630150173,1.6719300539597222,0.0008963270052133695
1254,1.5916111002797666,1.5902093026949011,0.0008631146452187196
1255,1.5887013466461846,1.6974524570548015,0.0008793437180271292
1256,1.5876712643581887,1.6014411656752876,0.0008654379989425449
1257,1.5773536537004553,1.7240624479625537,0.0008833222698582256
1258,1.5795515464699788,1.6828317953192669,0.0008257126293914473
1259,1.569641403529955,1.600668684295986,0.000838667377019706
1260,1.5888021510580312,3.1240503010542495,0.0010414040779047039
1261,1.5759904954744421,1.6902580261230469,0.0008744449916538661
1262,1.5824858053870823,1.671337780745133,0.0008352325075184522
1263,1.577681909436765,1.6291146433871726,0.0008861680348079814
1264,1.56950320886529,1.857845259749371,0.0008404410758015255
1265,1.5714496529620627,1.6332628415978474,0.001071505233361993
1266,1.6037986952325571,1.6313185899154,0.0015696843924081843
1267,1.582398735958597,1.633946937063466,0.0011622111879937027
1268,1.5585696178933848,1.5841045327808545,0.000908774855222715
1269,1.5575032130531643,55.270565473515056,0.0008763235426791337
1270,1.5853030370629353,1.7523777692214302,0.005233802399901754
1271,1.5469409642012224,1.8699464797973633,0.002124482487409335
1272,1.5511879039847332,1.6330569567887678,0.0013707055932963672
1273,1.5461917597314585,82.87906990880552,0.0011151757688545015
1274,1.554672360420227,1.6672013738880986,0.001006513808691955
1275,1.5541643267092498,1.6680115357689236,0.0009569683258988611
1276,1.561712332393812,1.642767740332562,0.0009080554464953425
1277,1.5609309155008066,1.597497971161552,0.0009073977404193062
1278,1.5615417283514272,1.680628926857658,0.0008954877823429263
1279,1.5614788324936577,1.6423076702200847,0.0008767546488620017
1280,1.5693061248115872,1.7212277547172878,0.0008548367996295185
1281,1.5648855022762134,1.6911696610243425,0.0009201315773205589
1282,1.561428629833719,1.7077726540358171,0.0008942149149294456
1283,1.5499763281449028,1.6685944225477136,0.0008733832839188044
1284,1.5413493591806162,1.6369174822517063,0.000864626305764946
1285,1.5399201227271038,1.676135602204696,0.0008788834675215185
1286,1.5383053707039875,1.6990459535432898,0.000839835118866809
1287,1.5409073155859243,1.6834711458372034,0.0009786956614571745
1288,1.5472602274106897,1.784652627032736,0.0008415910212889961
1289,1.5399205891982368,1.8046017522397249,0.000851223784316655
1290,1.5295061754143757,1.882550141085749,0.0008304699212717621
1291,1.5381605366001958,1.6764780438464622,0.0008260166201659519
1292,1.529037999070209,1.724028960518215,0.0008227503554814535
1293,1.5379203765288643,1.65470116034798,0.00088283910324959
1294,1.5425205541693645,1.6713366301163384,0.0008277471035556948
1295,1.5512285854505456,1.6475651108700295,0.000856461362791774
1296,1.550361674764882,1.6556487238925437,0.0009615844059937998
1297,1.5393142181894053,1.6783274360325025,0.0010107003921723883
1298,1.5417080651158872,1.6589417302090188,0.0009901304805205891
1299,1.524402898290883,1.7406104284784067,0.0008768775885033866
1300,1.5084236912105395,1.6937364132507988,0.0008985376132287732
1301,1.4961422889128975,1.78283168958581,0.0008802780269078263
1302,1.5040377119313115,1.6411045271417368,0.0008641911250458139
1303,1.4952621874601946,1.7267092673674873,0.0008043176621077178
1304,1.5048329622849175,1.664104472035947,0.000829908409682305
1305,1.4980173473772795,1.6999491349510525,0.0008203138764340268
1306,1.5250641314879707,1.7993454000224238,0.0008623178329561715
1307,1.5114397173342498,1.6697247650312341,0.0008342476085881176
1308,1.5016295702561089,1.6820389550665151,0.0008540583556801405
1309,1.5042683922726174,1.6460098183673362,0.0008365316746715943
1310,1.5058772667594578,1.6890649795532227,0.000784226900735951
1311,1.4987186245296313,1.6520461258680925,0.0008125306289319111
1312,1.4913618149964705,1.6690629202386607,0.0008113015438025088
1313,1.4927780369053716,1.7288411026415618,0.0008873599783881851
1314,1.4854087207628333,1.6512397890505583,0.0008182555750903228
1315,1.468083734097688,1.8259229245393171,0.0008439834219525042
1316,1.4630143746085789,1.677754635396211,0.0008216985228026043
1317,1.4625939804574717,1.754798790682917,0.0008202410282810097
1318,1.4639900819115017,1.7439143243043318,0.0008434739176426892
1319,1.473345715066661,1.6902451774348384,0.0008315980135787116
1320,1.48107866100643,1.6708992926970772,0.0008500137659923538
1321,1.4861592520838198,1.7339509051779043,0.0007849376365218474
1322,1.475792433904565,1.6891236305236816,0.0008002837649141641
1323,1.4851739717566448,1.6641286922537761,0.0008306181154456799
1324,1.483920413514842,1.6752787206483923,0.0007981849864692143
1325,1.4733111029085906,1.6613185509391453,0.0008698631351327766
1326,1.4682524048763772,1.6854338594104932,0.000806236404257462
1327,1.4695291570995166,1.6714460953422214,0.0009001021617618592
1328,1.4658474818519924,1.6780958123829053,0.0008008700451287239
1329,1.4545055420502373,1.6870546081791753,0.0008243179763667285
1330,1.4581915036491726,1.6804689376250557,0.0010016780554154968
1331,1.4478167969247568,1.7571478822956914,0.0007990981153536426
1332,1.4501185158024663,1.6595459088035251,0.000777977161899047
1333,1.4553435263426409,1.6939853740775066,0.0008348214905709028
1334,1.4614768598390662,1.6648387494294539,0.0008053252493719692
1335,1.4575715738794077,1.9862512661063152,0.0008011380154841944
1336,1.4584821099820344,1.6592104279476663,0.000789047514959036
1337,1.4595208375350288,1.6759279914524243,0.000833314987729587
1338,1.468739882759426,1.7145362833271856,0.0008200149927490755
1339,1.4658548313638438,1.6606971180957297,0.0008402729341152893
1340,1.4692363583523294,1.6668913675391155,0.000788067697810576
1341,1.4785384509874426,1.7063629108926524,0.010689360881730428
1342,1.4462595970734307,1.7801082289737205,0.003491126496911697
1343,1.4527012939038484,1.6628977319468623,0.001918218275734588
1344,1.4502796141997627,1.6525661012400752,0.0015193173945274043
1345,1.459298206412274,1.6512206326360288,0.001331864987783458
1346,1.4708486380784407,1.6568484254505322,0.0012593380600699911
1347,1.4621751567591792,1.6660376165224158,0.0012504043381499207
1348,1.4544834105864815,1.6579252688781074,0.0014006166020408273
1349,1.4551644480746726,1.6815730851629507,0.0011356384139103086
1350,1.4521220248678457,1.6920434392016868,0.0010598619853186867
1351,1.4673807258191316,1.7282979799353557,0.0010424300815667148
1352,1.4754751765209695,1.6650260375893635,0.0009896463547509325
1353,1.4675775714542554,1.6615166664123535,0.001024698588045557
1354,1.48617756885031,1.7011457267014876,0.000987865772280518
1355,1.4680337024771648,1.684375550435937,0.0009772350262526584
1356,1.466064225072446,1.6729722904122395,0.0009537764177050279
1357,1.4828459128089573,1.68161548220593,0.0017165731127454858
1358,1.4955017359360405,1.683550653250321,0.0016811672375415978
1359,1.483572192814039,1.6781592265419338,0.0011385602866420927
1360,1.4665958622227544,1.6567331241524739,0.0009779006004859896
1361,1.466703202413476,1.9742037368857341,0.0009413013416949822
1362,1.4589660375014595,2.149297968201015,0.0009073132279571955
1363,1.4676365541375203,1.6880961034608923,0.0009089236593116884
1364,1.4635324115338533,1.6536833617998206,0.0008861278031912187
1365,1.4596007751381916,2.390013513357743,0.0008929810770179914
1366,1.4724865581678308,1.6585638626762058,0.0009346081642434001
1367,1.4597775158674822,1.6739229171172432,0.0008917843477557535
1368,1.4673509805098823,1.6741897023242454,0.000871285482350251
1369,1.4649483794751375,1.663037896156311,0.0009286309511441251
1370,1.4622186940649282,2.0067642253378164,0.0008685502512178019
1371,1.4658040171084197,1.7728213849275007,0.0008977441036182901
1372,1.4695466186689294,1.8614368283230325,0.006425734282896408
1373,1.491241709045742,1.7643339582111524,0.012953852040126272
1374,1.4486603270406309,2.1210613717203555,0.004799454230005326
1375,1.454654978669208,1.6390702413476033,0.0027505904739803595
1376,1.446240834567858,1.6599432489146357,0.0022360402179638977
1377,1.4716303815012393,1.6254600701124773,0.001880645503937874
1378,1.4713407806728198,1.5864010427309119,0.001654641247232971
1379,1.496794405190841,1.6550894664681477,0.0020526277367025614
1380,1.488956762396771,1.611046288324439,0.0015616372642714691
1381,1.4994987145714138,1.6934057318645974,0.001401763358760787
1382,1.4785873371621836,1.6660724774650906,0.001503191377117258
1383,1.49231871832972,1.7726096484972083,0.0015659651101526358
1384,1.4803027329237566,1.900567827017411,0.0012764362972634642
1385,1.50147865647855,1.6202390245769336,0.0012150354146876414
1386,1.5078081877335259,2.2648678188738613,0.001150838620758251
1387,1.497828203698863,1.6889611119809358,0.0011525667252262
1388,1.5166283223939978,1.733459700708804,0.0011321725981795917
1389,1.4897976854573125,1.765450524247211,0.0010999647809354508
1390,1.5188490463339763,1.7780550303666487,0.0010567482145827103
1391,1.5027012358541074,1.7390533944834834,0.0010496757307049372
1392,1.5023380310639092,1.7112968278967815,0.0010609529942840986
1393,1.5075015969898389,1.6247644787249358,0.001020804214615213
1394,1.5222235451573911,1.6361239993053933,0.0009956049742986975
1395,1.5059052239293638,1.7021334585936174,0.0010000666142846255
1396,1.5135320476863696,2.078624803086986,0.0010018039611168206
1397,1.514367331629214,1.7607148315595544,0.0009757479495854806
1398,1.5082875749339228,2.047507026921148,0.0009691867542088679
1399,1.5119738423306008,1.7875375125719153,0.0009733034125731691
1400,1.5144268740778384,1.698547881582509,0.0010290614192617004
1401,1.5116396779599397,1.7629644870758057,0.0009724236265553728
1402,1.5228815026905225,2.0526489174884297,0.0009384369249860554
1403,1.5126404814098193,1.666482282721478,0.0009409478870625405
1404,1.5268741949744846,1.7023256706154866,0.0009864066504751859
1405,1.5190293011458025,1.6868959146997202,0.000944172849615469
1406,1.5239657526430876,2.145175980485004,0.000923234417670123
1407,1.5229360849960991,1.6551835381466409,0.0009164845813875613
1408,1.4999823466591213,1.7525966530260833,0.0009313403962827895
1409,1.5158582096514495,1.749490675718888,0.0015182615278045769
1410,1.5154466162557187,1.739813146383866,0.001840899025252008
1411,1.513459537340247,1.7362507426220437,0.0011717952059014983
1412,1.5032188581383747,1.6862845524497654,0.0009863564704099426
1413,1.5088037770727407,1.840763086858003,0.0009543048546892469
1414,1.5189385517783787,1.6586179888766746,0.00100388992122253
1415,1.4969912767410278,1.7081722176593284,0.0009315727688574597
1416,1.5194276415783425,1.6751798909643423,0.000929209611216641
1417,1.5068860002185986,1.776314994563227,0.0009078563155565897
1418,1.5032903785290925,1.761409246403238,0.000928981214478288
1419,1.5011350071948508,1.7081210613250732,0.0008932144973305581
1420,1.4894974335380222,1.9380622635716978,0.0008897527181745871
1421,1.4825412553289663,8.507964331170786,0.0008903947537359984
1422,1.478533589321634,2.120762244514797,0.0009566351376554888
1423,1.4728092628976572,1.7642286445783533,0.0009678410690115845
1424,1.4584054428598154,1.7467630997948025,0.0012580560135614612
1425,1.4457552899485049,1.706195945325105,0.0009695321154456748
1426,1.4518293142318726,1.6882689413817034,0.0009227567200508455
1427,1.4511465404344641,1.90181711445684,0.000895906166355733
1428,1.435799697171087,2.000537773837214,0.0011078604097154152
1429,1.4726544722266819,1.8109142365662947,0.0028196597350356374
1430,1.457428367241569,1.7544175075448079,0.0019148442965081852
1431,1.4439387269642041,2.4734218327895454,0.0012208418161405818
1432,1.4617600181828374,1.7589374314183774,0.0010277224785607793
1433,1.4412686565647954,1.9534198512201724,0.0010343683711455567
1434,1.455921603285748,1.7965252036633699,0.0009416761661312827
1435,1.4443882859271506,1.7299892332242883,0.000905252598307055
1436,1.4403990299805352,1.825923898945684,0.0009019360953496526
1437,1.464051251826079,2.25737930899081,0.0010754070826806128
1438,1.4269297330275825,1.7678792580314304,0.0010140696692320964
1439,1.4507585245630015,1.7634558107541956,0.0009674048380237882
1440,1.4369324964025747,1.9429089556569639,0.0008756139482695447
1441,1.4398845952490102,1.7304284106130186,0.000858284064831779
1442,1.4287076411039934,1.8969185404155566,0.0008506823948624989
1443,1.4148051375928132,1.7906470246936963,0.0008703341818941028
1444,1.452016312143077,2.1401360708734263,0.0008976604161865038
1445,1.4130555598632148,1.9768365206925764,0.0008585100953021775
1446,1.4095750839813896,1.8769766144130542,0.0008739673826114639
1447,1.4227346544680388,2.098574830138165,0.0008972992072813213
1448,1.3962714361107869,1.7377069462900576,0.0008810843371421746
1449,1.475930270941361,1.7457614204157954,0.0008347551490220686
1450,1.45030445119609,1.7685510334761247,0.0008499160758219659
1451,1.4407558337501858,1.7313348365866619,0.0008599867831672664
1452,1.4316578377848086,1.752558557883553,0.0008556151499404856
1453,1.3630443655926248,1.7184533917385598,0.0008365081461227459
1454,1.3679900169372559,1.7493731820065042,0.0008549374457367736
1455,1.3885118494863096,1.6910856651223225,0.0008404744692835147
1456,1.3860466998556387,1.7260644435882568,0.0008993274886566012
1457,1.4293653394864954,1.747872046802355,0.0008664032186219549
1458,1.3903415825055994,1.8276101558104805,0.0008364031774639759
1459,1.392359215280284,1.7902658037517383,0.0009199439917448099
1460,1.4100338427916816,1.77143104698347,0.0008466255031121166
1461,1.3846838318783303,1.748893732609956,0.0008344137509677397
1462,1.4256049498267795,3.1972202995549077,0.0008683720446677636
1463,1.4188910878222922,1.7292028147241343,0.0008316872686998028
1464,1.4174017543378084,1.7368864080180293,0.0008454930123306163
1465,1.3869930402092312,1.7345989061438518,0.000837988976854831
1466,1.3878531766974407,1.7491833697194639,0.0008580935638114486
1467,1.441707414129506,1.7319410054580024,0.0009329821585434611
1468,1.4369892296583757,1.7297744439995808,0.0008291205664610733
1469,1.3494035679361094,1.7190417465956316,0.0008235485824432386
1470,1.3772440526796423,1.710157627644746,0.0008342603990889114
1471,1.3773896901503853,1.7221897322198618,0.0008833951812804393
1472,1.412593126296997,1.7217664563137551,0.0008246831611082282
1473,1.3982817297396453,1.7423228491907534,0.00080398933040788
1474,1.396493445272031,1.723362518393475,0.0008653902762528995
1475,1.4072229862213135,1.7252136261566826,0.0008253505094098332
1476,1.3821007738942686,2.307019866031149,0.0008275537984445691
1477,1.3726498873337456,1.788499381231225,0.0008462931803913544
1478,1.4142732516579006,1.7236971129541812,0.000824517699505162
1479,1.3815776472506316,1.7353431971176811,0.0008464024994400856
1480,1.3894064892893252,1.7312018612156743,0.0008342586351437089
1481,1.3837167180102805,1.8222764263982358,0.0008841021487529835
1482,1.3935975250990495,1.731627723445063,0.0008236828270246801
1483,1.4554211886032768,1.7201287228128184,0.000813787765092338
1484,1.4270751424457715,1.715834767922111,0.0008119167557553104
1485,1.4149163132128508,1.71656276350436,0.0008114286339031937
1486,1.3972580018250838,1.7159073197323342,0.0008409850466389047
1487,1.3806163228076438,1.7143331040506777,0.0008249329175273685
1488,1.2775834176851355,1.6864616715389749,0.0008392152654857415
1489,1.299109645511793,1.6555236111516538,0.0008686459117123615
1490,1.3672398121460625,1.685678761938344,0.000842711073346436
1491,1.3604430685872617,1.8452326525812563,0.0008905556397107632
1492,1.45504151219907,1.7092270436494246,0.0008117457593629217
1493,1.4331162753312483,2.6530714760655942,0.0008142312948146592
1494,1.4738688520763232,1.7228928026945696,0.0008315933797427493
1495,1.4605924253878386,1.7155870769334876,0.0008577937361500833
1496,1.4254386995149695,1.70708051453466,0.0008184695160826263
1497,1.4150756960329802,1.705681298090064,0.0008069857114764011
1498,1.3984865831292195,1.7071524858474731,0.0008431631089795543
1499,1.3922109033750452,1.707019769627115,0.0008643663832512887
1500,1.3881017073341038,1.706877552944681,0.0008196579089955143
